Workbook

Sheet List chi tiet
S1: =MATCH(9.9E+307,A:A) -> 39 | AC1: =IFERROR(IF(H1="Qty","A-B",IF(IFERROR(FIND("-",TRIM(RIGHT(SUBSTITUTE(B1,"_",REPT(" ",99)),99))),"")<>"",IFERROR(MID(B1, FIND("_", B1) + 1, FIND("-", B1, FIND("_", B1)) - FIND("_", B1) - 1),""),TRIM(RIGHT(SUBSTITUTE(B1,"_",REPT(" ",99)),99)))),"")
A2: Tên Công Trình: | B2: 10726-040 DG XK BPI HO REDEV SUPPLY MATERIAL | L2: LIST CHI TIẾT CẤU KIỆN | AC2: =IFERROR(IF(H2="Qty","A-B",IF(IFERROR(FIND("-",TRIM(RIGHT(SUBSTITUTE(B2,"_",REPT(" ",99)),99))),"")<>"",IFERROR(MID(B2, FIND("_", B2) + 1, FIND("-", B2, FIND("_", B2)) - FIND("_", B2) - 1),""),TRIM(RIGHT(SUBSTITUTE(B2,"_",REPT(" ",99)),99)))),"")
A3: Mã Dự Án: | B3: =INDEX(V6:V99999, MATCH(1, INDEX(SUBTOTAL(3, OFFSET(V6, ROW(V6:V99999)-ROW(V6), 0)), 0), 0)) -> 10726-040 | AC3: =IFERROR(IF(H3="Qty","A-B",IF(IFERROR(FIND("-",TRIM(RIGHT(SUBSTITUTE(B3,"_",REPT(" ",99)),99))),"")<>"",IFERROR(MID(B3, FIND("_", B3) + 1, FIND("-", B3, FIND("_", B3)) - FIND("_", B3) - 1),""),TRIM(RIGHT(SUBSTITUTE(B3,"_",REPT(" ",99)),99)))),"")
A4: Building No. : | B4: =INDEX(Z6:Z99999, MATCH(1, INDEX(SUBTOTAL(3, OFFSET(Z6, ROW(Z6:Z99999)-ROW(Z6), 0)), 0), 0)) -> LEVEL 46 - ROOF CROWN - SHIPMENT 1-GIA CONG UON ONG GIAO NHA MAY MIEN TRUNG | G4: =SUMPRODUCT(G6:G99999, H6:H99999, SUBTOTAL(103, OFFSET(G6, ROW(G6:G99999)-ROW(G6), 0))) -> 324036 | H4: =SUMPRODUCT(SUBTOTAL(109, OFFSET(H6, ROW(H6:H99995)-ROW(H6), 0)), (B6:B99995<>"") * (B6:B99995<>0)) -> 56 | J4: =SUMPRODUCT(SUBTOTAL(109, OFFSET(J6, ROW(J6:J99995)-ROW(J6), 0)), (B6:B99995<>"") * (B6:B99995<>0)) -> 59447.58 | L4: =SUMPRODUCT(SUBTOTAL(103, OFFSET(B6, ROW(B6:B99996)-ROW(B6), 0))) -> 34 | AC4: =IFERROR(IF(H4="Qty","A-B",IF(IFERROR(FIND("-",TRIM(RIGHT(SUBSTITUTE(B4,"_",REPT(" ",99)),99))),"")<>"",IFERROR(MID(B4, FIND("_", B4) + 1, FIND("-", B4, FIND("_", B4)) - FIND("_", B4) - 1),""),TRIM(RIGHT(SUBSTITUTE(B4,"_",REPT(" ",99)),99)))),"")
A5: STT | B5: Tên chi tiết | C5: Mác thép | D5: Quy.Cách.Part | E5: Dày | F5: Rộng | G5: Dài | H5: Qty | I5: KL chi tiết | J5: KL Tổng | K5: Quy Cách Vật Tư | L5: Số Nesting | M5: Cutting | N5: Khoan | O5: UỐN | P5: Vát mép | Q5: Lần-BH | R5: Ngày B.Hành | S5: Note | T5: REV01 | U5: REV02 | V5: Mã Dự Án | W5: TC | X5: BM | Y5: CB | Z5: =IF(L5="Số Nesting","Hang Muc",TRIM(MID(SUBSTITUTE(L5,"-",REPT(" ",LEN(L5))),4*LEN(L5)+1,LEN(L5)))) -> Hang Muc | AA5: =IFERROR(IF(K5="Quy Cách Vật Tư","Nguồn Gốc Vật Tư",K5),"") -> Nguồn Gốc Vật Tư | AB5: =$B$2 -> 10726-040 DG XK BPI HO REDEV SUPPLY MATERIAL | AC5: =IFERROR(IF(H5="Qty","A-B",IF(IFERROR(FIND("-",TRIM(RIGHT(SUBSTITUTE(B5,"_",REPT(" ",99)),99))),"")<>"",IFERROR(MID(B5, FIND("_", B5) + 1, FIND("-", B5, FIND("_", B5)) - FIND("_", B5) - 1),""),TRIM(RIGHT(SUBSTITUTE(B5,"_",REPT(" ",99)),99)))),"") -> A-B
A6: 1 | B6: SS2410 | C6: A500-GR.C | D6: PIPE400X20 | E6: 20 | F6: 400 | G6: 923 | H6: 1 | I6: 149.47 | J6: 149.47 | K6: 12000 | L6: LSX-VT-BPI-TH-001 | O6: X | Q6: 1 | R6: 46269 | V6: 10726-040 | Z6: LEVEL 46 - ROOF CROWN - SHIPMENT 1-GIA CONG UON ONG GIAO NHA MAY MIEN TRUNG | AA6: =IFERROR(IF(K6="Quy Cách Vật Tư","Nguồn Gốc Vật Tư",K6),"") -> 12000 | AB6: =$B$2 -> 10726-040 DG XK BPI HO REDEV SUPPLY MATERIAL
A7: 2 | B7: SS2289 | C7: A500-GR.C | D7: PIPE400X20 | E7: 20 | F7: 400 | G7: 793 | H7: 2 | I7: 144.54 | J7: 289.08 | K7: 12000 | L7: LSX-VT-BPI-TH-001 | O7: X | Q7: 1 | R7: 46269 | V7: 10726-040 | Z7: LEVEL 46 - ROOF CROWN - SHIPMENT 1-GIA CONG UON ONG GIAO NHA MAY MIEN TRUNG | AA7: =IFERROR(IF(K7="Quy Cách Vật Tư","Nguồn Gốc Vật Tư",K7),"") -> 12000 | AB7: =$B$2 -> 10726-040 DG XK BPI HO REDEV SUPPLY MATERIAL
A8: 3 | B8: SS2595 | C8: A500-GR.C | D8: PIPE400X20 | E8: 20 | F8: 400 | G8: 2121 | H8: 1 | I8: 371.37 | J8: 371.37 | K8: 12000 | L8: LSX-VT-BPI-TH-001 | O8: X | Q8: 1 | R8: 46269 | V8: 10726-040 | Z8: LEVEL 46 - ROOF CROWN - SHIPMENT 1-GIA CONG UON ONG GIAO NHA MAY MIEN TRUNG | AA8: =IFERROR(IF(K8="Quy Cách Vật Tư","Nguồn Gốc Vật Tư",K8),"") -> 12000 | AB8: =$B$2 -> 10726-040 DG XK BPI HO REDEV SUPPLY MATERIAL
A9: 4 | B9: SS2058 | C9: A500-GR.C | D9: PIPE400X20 | E9: 20 | F9: 400 | G9: 9435 | H9: 2 | I9: 1734.2 | J9: 3468.4 | K9: 12000 | L9: LSX-VT-BPI-TH-001 | O9: X | Q9: 1 | R9: 46269 | V9: 10726-040 | Z9: LEVEL 46 - ROOF CROWN - SHIPMENT 1-GIA CONG UON ONG GIAO NHA MAY MIEN TRUNG | AA9: =IFERROR(IF(K9="Quy Cách Vật Tư","Nguồn Gốc Vật Tư",K9),"") -> 12000 | AB9: =$B$2 -> 10726-040 DG XK BPI HO REDEV SUPPLY MATERIAL
A10: 5 | B10: SS2414 | C10: A500-GR.C | D10: PIPE400X20 | E10: 20 | F10: 400 | G10: 1148 | H10: 1 | I10: 171.12 | J10: 171.12 | K10: 12000 | L10: LSX-VT-BPI-TH-001 | O10: X | Q10: 1 | R10: 46269 | V10: 10726-040 | Z10: LEVEL 46 - ROOF CROWN - SHIPMENT 1-GIA CONG UON ONG GIAO NHA MAY MIEN TRUNG | AA10: =IFERROR(IF(K10="Quy Cách Vật Tư","Nguồn Gốc Vật Tư",K10),"") -> 12000 | AB10: =$B$2 -> 10726-040 DG XK BPI HO REDEV SUPPLY MATERIAL
A11: 6 | B11: SS2413 | C11: A500-GR.C | D11: PIPE400X20 | E11: 20 | F11: 400 | G11: 1161 | H11: 1 | I11: 171.24 | J11: 171.24 | K11: 12000 | L11: LSX-VT-BPI-TH-001 | O11: X | Q11: 1 | R11: 46269 | V11: 10726-040 | Z11: LEVEL 46 - ROOF CROWN - SHIPMENT 1-GIA CONG UON ONG GIAO NHA MAY MIEN TRUNG | AA11: =IFERROR(IF(K11="Quy Cách Vật Tư","Nguồn Gốc Vật Tư",K11),"") -> 12000 | AB11: =$B$2 -> 10726-040 DG XK BPI HO REDEV SUPPLY MATERIAL
A12: 7 | B12: SS2411 | C12: A500-GR.C | D12: PIPE400X20 | E12: 20 | F12: 400 | G12: 923 | H12: 1 | I12: 149.61 | J12: 149.61 | K12: 12000 | L12: LSX-VT-BPI-TH-001 | O12: X | Q12: 1 | R12: 46269 | V12: 10726-040 | Z12: LEVEL 46 - ROOF CROWN - SHIPMENT 1-GIA CONG UON ONG GIAO NHA MAY MIEN TRUNG | AA12: =IFERROR(IF(K12="Quy Cách Vật Tư","Nguồn Gốc Vật Tư",K12),"") -> 12000 | AB12: =$B$2 -> 10726-040 DG XK BPI HO REDEV SUPPLY MATERIAL
A13: 8 | B13: SS2423 | C13: A500-GR.C | D13: PIPE400X20 | E13: 20 | F13: 400 | G13: 768 | H13: 1 | I13: 138.73 | J13: 138.73 | K13: 12000 | L13: LSX-VT-BPI-TH-001 | O13: X | Q13: 1 | R13: 46269 | V13: 10726-040 | Z13: LEVEL 46 - ROOF CROWN - SHIPMENT 1-GIA CONG UON ONG GIAO NHA MAY MIEN TRUNG | AA13: =IFERROR(IF(K13="Quy Cách Vật Tư","Nguồn Gốc Vật Tư",K13),"") -> 12000 | AB13: =$B$2 -> 10726-040 DG XK BPI HO REDEV SUPPLY MATERIAL
A14: 9 | B14: SS2084 | C14: A500-GR.C | D14: PIPE400X20 | E14: 20 | F14: 400 | G14: 8538 | H14: 1 | I14: 1571.81 | J14: 1571.81 | K14: 12000 | L14: LSX-VT-BPI-TH-001 | O14: X | Q14: 1 | R14: 46269 | V14: 10726-040 | Z14: LEVEL 46 - ROOF CROWN - SHIPMENT 1-GIA CONG UON ONG GIAO NHA MAY MIEN TRUNG | AA14: =IFERROR(IF(K14="Quy Cách Vật Tư","Nguồn Gốc Vật Tư",K14),"") -> 12000 | AB14: =$B$2 -> 10726-040 DG XK BPI HO REDEV SUPPLY MATERIAL
A15: 10 | B15: SS2057 | C15: A500-GR.C | D15: PIPE400X20 | E15: 20 | F15: 400 | G15: 8563 | H15: 1 | I15: 1576.47 | J15: 1576.47 | K15: 12000 | L15: LSX-VT-BPI-TH-001 | O15: X | Q15: 1 | R15: 46269 | V15: 10726-040 | Z15: LEVEL 46 - ROOF CROWN - SHIPMENT 1-GIA CONG UON ONG GIAO NHA MAY MIEN TRUNG | AA15: =IFERROR(IF(K15="Quy Cách Vật Tư","Nguồn Gốc Vật Tư",K15),"") -> 12000 | AB15: =$B$2 -> 10726-040 DG XK BPI HO REDEV SUPPLY MATERIAL
A16: 11 | B16: SS2064 | C16: A500-GR.C | D16: PIPE400X20 | E16: 20 | F16: 400 | G16: 9669 | H16: 2 | I16: 1780.8 | J16: 3561.6 | K16: 12000 | L16: LSX-VT-BPI-TH-001 | O16: X | Q16: 1 | R16: 46269 | V16: 10726-040 | Z16: LEVEL 46 - ROOF CROWN - SHIPMENT 1-GIA CONG UON ONG GIAO NHA MAY MIEN TRUNG | AA16: =IFERROR(IF(K16="Quy Cách Vật Tư","Nguồn Gốc Vật Tư",K16),"") -> 12000 | AB16: =$B$2 -> 10726-040 DG XK BPI HO REDEV SUPPLY MATERIAL
A17: 12 | B17: SS2065 | C17: A500-GR.C | D17: PIPE400X20 | E17: 20 | F17: 400 | G17: 9472 | H17: 2 | I17: 1744.51 | J17: 3489.02 | K17: 12000 | L17: LSX-VT-BPI-TH-001 | O17: X | Q17: 1 | R17: 46269 | V17: 10726-040 | Z17: LEVEL 46 - ROOF CROWN - SHIPMENT 1-GIA CONG UON ONG GIAO NHA MAY MIEN TRUNG | AA17: =IFERROR(IF(K17="Quy Cách Vật Tư","Nguồn Gốc Vật Tư",K17),"") -> 12000 | AB17: =$B$2 -> 10726-040 DG XK BPI HO REDEV SUPPLY MATERIAL
... A39: 34 | B39: SS2056 | C39: A500-GR.C | D39: PIPE400X20 | E39: 20 | F39: 400 | G39: 7944 | H39: 2 | I39: 1470.21 | J39: 2940.42 | K39: 12000 | L39: LSX-VT-BPI-TH-001 | O39: X | Q39: 1 | R39: 46269 | V39: 10726-040 | Z39: LEVEL 46 - ROOF CROWN - SHIPMENT 1-GIA CONG UON ONG GIAO NHA MAY MIEN TRUNG | AA39: =IFERROR(IF(K39="Quy Cách Vật Tư","Nguồn Gốc Vật Tư",K39),"") -> 12000 | AB39: =$B$2 -> 10726-040 DG XK BPI HO REDEV SUPPLY MATERIAL

Sheet Phieu vat tu
N1: =IF(J1<>"",J1*I1*H1*7.85/10^6,"") | P1: =IF(J1<>"",J1*I1*H1*7.85/10^6,"") | Q1: =IF(O1="NEWPLATE", N1, "") | R1: =IF(O1<>"NEW", N1, "") | T1: =IFERROR(MAX(ROUND(N1-P1-IF(S1="",0,S1)-U1, 2), 0),"") | U1: =IFERROR(ROUND(P1*0.3/100, 2),"") | W1: =IFERROR(IF(A1="No STT","Lệnh Sản Xuất",LEFT(C1,FIND("#",SUBSTITUTE(C1,"-","#",4))-1)),"")
G2: ="Phiếu Yêu Cầu Vật Tư - "&IFERROR(LEFT(INDEX(C5:C99998,MATCH(1,INDEX(SUBTOTAL(3,OFFSET(C5,ROW(C5:C99998)-ROW(C5),0)),0),0)),FIND("#",SUBSTITUTE(INDEX(C5:C99998,MATCH(1,INDEX(SUBTOTAL(3,OFFSET(C5,ROW(C5:C99998)-ROW(C5),0)),0),0)),"-","#",4))-1),"") -> Phiếu Yêu Cầu Vật Tư - | Q2: =IF(LEFT(O2,3)="NEW", N2, "") | R2: =IF(O2<>"NEW",N2,"") -> 0 | S2: =IFERROR(INDEX($J$3:$Y$100029,MATCH($Z2,$Y$3:$Y$100029,0),MATCH(S$3,$J$3:$X$3,0)),"") | T2: =IF(IFERROR(IF(N2-SUM(P2, S2, U2)<0,"",N2-SUM(P2, S2, U2)),"")<1,"",IFERROR(IF(N2-SUM(P2, S2, U2)<0,"",N2-SUM(P2, S2, U2)),"")) | U2: =IF(G2<>"",IF(IFERROR(IF(N2-SUM(P2, S2, IFERROR(IF(N2-SUM(P2, S2)<0,"",IF(N2-SUM(P2, S2)<IF(N2<>"",P2*0.3/100,""),N2-SUM(P2, S2),IF(N2<>"",P2*0.3/100,""))),""))<0,"",N2-SUM(P2, S2, IFERROR(IF(N2-SUM(P2, S2)<0,"",IF(N2-SUM(P2, S2)<IF(N2<>"",P2*0.3/100,""),N2-SUM(P2, S2),IF(N2<>"",P2*0.3/100,""))),""))),"")<1,IFERROR(IF(N2-SUM(P2, S2)<0,"",IF(N2-SUM(P2, S2)<IF(N2<>"",P2*0.3/100,""),N2-SUM(P2, S2),IF(N2<>"",P2*0.3/100,""))),"")+IFERROR(IF(N2-SUM(P2, S2, IFERROR(IF(N2-SUM(P2, S2)<0,"",IF(N2-SUM(P2, S2)<IF(N2<>"",P2*0.3/100,""),N2-SUM(P2, S2),IF(N2<>"",P2*0.3/100,""))),""))<0,"",N2-SUM(P2, S2, IFERROR(IF(N2-SUM(P2, S2)<0,"",IF(N2-SUM(P2, S2)<IF(N2<>"",P2*0.3/100,""),N2-SUM(P2, S2),IF(N2<>"",P2*0.3/100,""))),""))),""),IFERROR(IF(N2-SUM(P2, S2)<0,"",IF(N2-SUM(P2, S2)<IF(N2<>"",P2*0.3/100,""),N2-SUM(P2, S2),IF(N2<>"",P2*0.3/100,""))),"")),"") -> 0 | V2: =IFERROR(VALUE(TRIM(RIGHT(SUBSTITUTE(W2,"-",REPT(" ",99)),99))),"") | X2: =IF(C2<>"",IF('List chi tiet'!$B$2<>"",'List chi tiet'!$B$2,""),"")
M3: =SUMPRODUCT(SUBTOTAL(109, OFFSET(M5, ROW(M5:M99995)-ROW(M5), 0)), (B5:B99995<>"") * (B5:B99995<>0)) -> 0 | N3: =SUMPRODUCT(SUBTOTAL(109, OFFSET(N5, ROW(N5:N99995)-ROW(N5), 0)), (C5:C99995<>"") * (C5:C99995<>0)) -> 0 | P3: =SUMPRODUCT(SUBTOTAL(109, OFFSET(P5, ROW(P5:P99995)-ROW(P5), 0)), (E5:E99995<>"") * (E5:E99995<>0)) -> 0 | Q3: =SUMPRODUCT(SUBTOTAL(109, OFFSET(Q5, ROW(Q5:Q99995)-ROW(Q5), 0)), (F5:F99995<>"") * (F5:F99995<>0)) -> 0 | R3: =SUMPRODUCT(SUBTOTAL(109, OFFSET(R5, ROW(R5:R99995)-ROW(R5), 0)), (G5:G99995<>"") * (G5:G99995<>0)) -> 0 | S3: =SUMPRODUCT(SUBTOTAL(109, OFFSET(S5, ROW(S5:S99995)-ROW(S5), 0)), (H5:H99995<>"") * (H5:H99995<>0)) -> 0 | T3: =SUMPRODUCT(SUBTOTAL(109, OFFSET(T5, ROW(T5:T99995)-ROW(T5), 0)), (G5:G99995<>"") * (G5:G99995<>0)) -> 0 | U3: =SUMPRODUCT(SUBTOTAL(109, OFFSET(U5, ROW(U5:U99995)-ROW(U5), 0)), (J5:J99995<>"") * (J5:J99995<>0)) -> 0 | W3: =N3-P3-S3-T3-U3 -> 0
A4: No STT | B4: Project name Dự Án | C4: NESTING NO | D4: Phase Hạng Mục | E4: Type PCS | F4: Material Mác Thép | G4: Size Quy Cách | H4: Thickness (mm) | I4: Width (mm) | J4: Length (mm) | K4: Unit ĐVT | L4: KLR (Kg/m3) | M4: Qty S.Lượng | N4: Weight (kg) | O4: Nguồn Gốc Vật Tư | P4: Khối Lượng Thành Phẩm | Q4: Lệnh Xuất Vật Tư Nguyên Khổ (kg) | R4: Lệnh Xuất Remain (kg) | S4: Lệnh Thu Remain (kg) | T4: Lệnh Thu Phế Liệu (kg) | U4: Phế Liệu Tiêu Hao (Không Thu Hồi) (kg) | V4: Lần Ban Hành | W4: =IFERROR(IF(A4="No STT","Lệnh Sản Xuất",LEFT(C4,FIND("#",SUBSTITUTE(C4,"-","#",4))-1)),"") -> Lệnh Sản Xuất | X4: =IF(C4<>"",IF('List chi tiet'!$B$2<>"",'List chi tiet'!$B$2,""),"") -> 10726-040 DG XK BPI HO REDEV SUPPLY MATERIAL | Z4: REMAIN
Q5: =IF(LEFT(O5,3)="NEW", N5, "") | R5: =IF(O5<>"NEW",N5,"") -> 0 | T5: =IFERROR(IF(N5-SUM(P5, S5, U5)<0,"",N5-SUM(P5, S5, U5)),"") -> 0 | U5: =IFERROR(IF(N5-SUM(P5, S5)<0,"",IF(N5-SUM(P5, S5)<IF(N5<>"",P5*0.3/100,""),N5-SUM(P5, S5),IF(N5<>"",P5*0.3/100,""))),"") -> 0 | V5: =IFERROR(VALUE(TRIM(RIGHT(SUBSTITUTE(W5,"-",REPT(" ",99)),99))),"") | X5: =IF(C5<>"",IF('List chi tiet'!$B$2<>"",'List chi tiet'!$B$2,""),"")

Sheet Hao hut vat tu
A1: Thông Tin Dự Án | C1: =IF(LEN('List chi tiet'!$B$3)=0,"",'List chi tiet'!$B$3) -> 10726-040 | I1: Số Liệu Trung Bình Cho Dự Án | K1: =IF(LEN('List chi tiet'!$B$3)=0,"",'List chi tiet'!$B$3) -> 10726-040 | L1: ĐVT | O1: =IFERROR(IF(C1="Total",#REF!,IF(C1<>"Total",MID(C1, FIND("@", SUBSTITUTE(C1, "-", "@", 4)) + 1, FIND("@", SUBSTITUTE(C1, "-", "@", LEN(C1) - LEN(SUBSTITUTE(C1, "-", "")))) - FIND("@", SUBSTITUTE(C1, "-", "@", 4)) - 1))),"")
A2: Project: | I2: Tổng Thành Phẩm (Total Nesting) : | K2: =IFERROR(LOOKUP(2, 1/((C$13:C$998="Total")*(SUBTOTAL(103, OFFSET(C$13, ROW(C$13:C$998)-MIN(ROW(C$13:C$998)), 0)))), F$13:F$998),"") | L2: kg
A3: Phase: | C3: =IFERROR(INDEX(O13:O99997, MATCH(1, INDEX(SUBTOTAL(3, OFFSET(O13, ROW(O13:O99997)-ROW(O13), 0)), 0), 0)),"") | I3: Tổng Tấm Mới Cấp Vào (New Plate) : | K3: =IFERROR(LOOKUP(2, 1/((C$13:C$998="Total")*(SUBTOTAL(103, OFFSET(C$13, ROW(C$13:C$998)-MIN(ROW(C$13:C$998)), 0)))), D$13:D$998),"") | L3: kg
A4: OMS: | I4: Tổng Remain Cấp Vào (Remain In) : | K4: =IFERROR(LOOKUP(2, 1/((C$13:C$998="Total")*(SUBTOTAL(103, OFFSET(C$13, ROW(C$13:C$998)-MIN(ROW(C$13:C$998)), 0)))), E$13:E$998),"") | L4: kg
A5: Nesting: | I5: Tổng Remain Sinh Ra (Remain Out): | K5: =IFERROR(LOOKUP(2, 1/((C$13:C$998="Total")*(SUBTOTAL(103, OFFSET(C$13, ROW(C$13:C$998)-MIN(ROW(C$13:C$998)), 0)))), G$13:G$998),"") | L5: kg
A6: LSX | C6: =IFERROR(INDEX(M13:M99997, MATCH(1, INDEX(SUBTOTAL(3, OFFSET(M13, ROW(M13:M99997)-ROW(M13), 0)), 0), 0)),"") | I6: % Remain: | K6: =IFERROR(LOOKUP(2, 1/((C$13:C$998="Total")*(SUBTOTAL(103, OFFSET(C$13, ROW(C$13:C$998)-MIN(ROW(C$13:C$998)), 0)))), H$13:H$998),"") | L6: %
A7: Rev: | B7: 0 | I7: Tổng tiêu hao: | K7: =IFERROR(LOOKUP(2, 1/((C$13:C$998="Total")*(SUBTOTAL(103, OFFSET(C$13, ROW(C$13:C$998)-MIN(ROW(C$13:C$998)), 0)))), I$13:I$998),"") | L7: kg
A8: Date: | I8: Tổng Phế Liệu (Waste) : | K8: =IFERROR(LOOKUP(2, 1/((C$13:C$998="Total")*(SUBTOTAL(103, OFFSET(C$13, ROW(C$13:C$998)-MIN(ROW(C$13:C$998)), 0)))), J$13:J$998),"") | L8: kg
I9: % Phế Liệu (% Waste) : | K9: =IFERROR(LOOKUP(2, 1/((C$13:C$998="Total")*(SUBTOTAL(103, OFFSET(C$13, ROW(C$13:C$998)-MIN(ROW(C$13:C$998)), 0)))), K$13:K$998),"") | L9: %
I10: Hao Hụt: | K10: =IFERROR(LOOKUP(2, 1/((C$13:C$998="Total")*(SUBTOTAL(103, OFFSET(C$13, ROW(C$13:C$998)-MIN(ROW(C$13:C$998)), 0)))), L$13:L$998),"") | L10: % | O10: =IFERROR(IF(C10="Total",O9,IF(C10<>"Total",MID(C10, FIND("@", SUBSTITUTE(C10, "-", "@", 4)) + 1, FIND("@", SUBSTITUTE(C10, "-", "@", LEN(C10) - LEN(SUBSTITUTE(C10, "-", "")))) - FIND("@", SUBSTITUTE(C10, "-", "@", 4)) - 1))),"")
A11: I. Số Liệu Chi Tiết Thép Tấm (Plate) | D11: =IF(C11<>"",SUBTOTAL(9,D10:D10),"") | E11: =IF(C11<>"",SUBTOTAL(9,E10:E10),"") | F11: =IF(C11<>"",SUBTOTAL(9,F10:F10),"") | G11: =IF(C11<>"",SUBTOTAL(9,G10:G10),"") | H11: =IF(C11<>"",IF(D11+E11>0, G11/(D11+E11), 0),"") | I11: =IF(C11<>"",SUBTOTAL(9,I10:I10),"") | J11: =IF(C11<>"",SUBTOTAL(9,J10:J10),"") | K11: =IF(C11<>"",IF(D11+E11>0, J11/(D11+E11), 0),"") | L11: =IF(C11<>"",IF(F11>0, J11/F11, 0),"") | M11: =IFERROR(IF(C11="Nesting No","LSX",IF(C11="Total",M10,TRIM(LEFT(C11,FIND("#",SUBSTITUTE(C11,"-","#",4))-1)))),"") | N11: =IFERROR(IF(C11="Nesting No","Lần B.Hành",VALUE(IF(C11="Total",N10,TRIM(RIGHT(SUBSTITUTE(M11,"-",REPT(" ",99)),99))))),"") | O11: =IFERROR(IF(C11="Nesting No","Hạng Mục",IF(C11="Total",O10,TRIM(MID(SUBSTITUTE(C11,"-",REPT(" ",LEN(C11))),4*LEN(C11)+1,LEN(C11))))),"")
A12: STT | B12: DÀY | C12: Nesting No | D12: Tấm mới (New Plate) | E12: Remain Sử Dụng(In) | F12: Thành Phẩm | G12: Remain Sinh Ra(Out) | H12: =IFERROR(IF(C12="Nesting No","%Remain",IF(D12+E12>0, G12/(D12+E12),"")),"") -> %Remain | I12: =IFERROR(IF(C12<>"",IF(C12="Nesting No","Tiêu Hao (kg)",ROUND(F12*0.1/100, 2)),""),"") -> Tiêu Hao (kg) | J12: =IFERROR(IF(C12<>"",IF(C12="Nesting No","Phế Liệu(Waste)",MAX(ROUND(D12+E12-F12-G12-I12, 2), 0)),""),"") -> Phế Liệu(Waste) | K12: =IFERROR(IF(C12="Nesting No","%Phế Liệu",IF(D12+E12>0, J12/(D12+E12),"")),"") -> %Phế Liệu | L12: =IFERROR(IF(C12="Nesting No","%Hao Hụt",IF(F12>0, J12/F12,"")),"") -> %Hao Hụt | M12: =IFERROR(IF(C12="Nesting No","LSX",IF(C12="Total",M11,TRIM(LEFT(C12,FIND("#",SUBSTITUTE(C12,"-","#",4))-1)))),"") -> LSX | N12: =IFERROR(IF(C12="Nesting No","Lần B.Hành",VALUE(IF(C12="Total",N11,TRIM(RIGHT(SUBSTITUTE(M12,"-",REPT(" ",99)),99))))),"") -> Lần B.Hành | O12: =IFERROR(IF(C12="Nesting No","Hạng Mục",IF(C12="Total",O11,TRIM(MID(SUBSTITUTE(C12,"-",REPT(" ",LEN(C12))),4*LEN(C12)+1,LEN(C12))))),"") -> Hạng Mục

Sheet LSX-VT
Y1: =MATCH(9.9E+307,A:A) -> 44 | Z1: ='List chi tiet'!S1+5 -> 44
M2: LỆNH SẢN XUẤT/ PRODUCTION ORDER
A3: CÔNG TRÌNH/ CONSTRUCTION: | C3: ='List chi tiet'!B3&"-"&'List chi tiet'!B2 -> 10726-040-10726-040 DG XK BPI HO REDEV SUPPLY MATERIAL
A4: LSX/ PRODUCTION ORDER : | C4: =INDEX(M11:M99692, MATCH(1, INDEX(SUBTOTAL(3, OFFSET(M11, ROW(M11:M99692)-ROW(M11), 0)), 0), 0)) -> LSX-VT-BPI-TH-001
A5: Hạng mục/ Items: | C5: =INDEX(P11:P99692, MATCH(1, INDEX(SUBTOTAL(3, OFFSET(P11, ROW(P11:P99692)-ROW(P11), 0)), 0), 0)) -> LEVEL 46 - ROOF CROWN - SHIPMENT 1-GIA CONG UON ONG GIAO NHA MAY MIEN TRUNG
A6: Đơn vị gia công/ Processing unit: | C6: SC-VT1
A7: Lệnh xuất:
A8: Lệnh thu lỡ cỡ: | H8: =SUMPRODUCT(SUBTOTAL(109, OFFSET(H11, ROW(H11:H99999)-ROW(H11), 0)), (B11:B99999<>"") * (B11:B99999<>0)) -> 56 | I8: =SUMPRODUCT(SUBTOTAL(109, OFFSET(I11, ROW(I11:I99999)-ROW(I11), 0)), (B11:B99999<>"") * (B11:B99999<>0)) -> 59447.58 | P8: =VALUE(SUMPRODUCT(SUBTOTAL(103,OFFSET(B11,ROW(B11:B99692)-MIN(ROW(B11:B99692)),,1)),--(B11:B99692<>""))) -> 34
A9: Lệnh Thu phế liệu: | R9: =IFERROR(IF(OR(AD9=6000,AD9=12000),"x",""),"") | S9: =IF(AD9<>"",IF(OR(AD9=6000,AD9=12000),"","x"),"") | AC9: =IFERROR(VLOOKUP(A9,'List chi tiet'!$A:$L,12,0),"") | AD9: =IF('List chi tiet'!K4<>"",'List chi tiet'!K4,"")
A10: STT/ No. | B10: Tên/ mã số Name/code | C10: Dày/ Thickness | D10: Rộng/ Width | E10: Dài/ Length | F10: Mác thép/ Steel mark | G10: ĐVT/ Unit | H10: SL / Qty | I10: Khối lượng/ Weight (kg) | J10: ĐV CẮT | K10: Đơn Vị Gia Công | L10: Đơn Vị Nhận | M10: LSX | N10: Lưu ý | O10: Có Lỗ | P10: Hạng Mục | Q10: Cánh Bụng bản mã | R10: Nguyên Khổ | S10: Lỡ Cỡ | T10: Tận Dụng | U10: UỐN | V10: Vát Mép | W10: Lần Ban Hành | X10: Ngày B.hành | Y10: Note | Z10: REV01 | AA10: REV02 | AB10: Mã Dự Án | AC10: NESTING | AD10: Nguồn Gốc Vật Tư | AE10: =IF(LEN('List chi tiet'!$B$2)=0,"",'List chi tiet'!$B$2) -> 10726-040 DG XK BPI HO REDEV SUPPLY MATERIAL
A11: =IF('List chi tiet'!A6<>"",'List chi tiet'!A6,"") -> 1 | B11: =IF('List chi tiet'!B6<>"",'List chi tiet'!B6,"") -> SS2410 | C11: =IF('List chi tiet'!E6<>"",'List chi tiet'!E6,"") -> 20 | D11: =IF('List chi tiet'!F6<>"",'List chi tiet'!F6,"") -> 400 | E11: =IF('List chi tiet'!G6<>"",'List chi tiet'!G6,"") -> 923 | F11: =IF('List chi tiet'!C6<>"",'List chi tiet'!C6,"") -> A500-GR.C | G11: =IF(A11<>"","Pcs","") -> Pcs | H11: =IF('List chi tiet'!H6<>"",'List chi tiet'!H6,"") -> 1 | I11: =IF('List chi tiet'!J6<>"",'List chi tiet'!J6,"") -> 149.47 | J11: =IF(A11<>"","SC-VT1","") -> SC-VT1 | K11: =IF(B11<>"","SC-VT1","") -> SC-VT1 | L11: NMMT | M11: LSX-VT-BPI-TH-001 | N11: =IF('List chi tiet'!D6<>"",'List chi tiet'!D6,"") -> PIPE400X20 | P11: =IF('List chi tiet'!Z6<>"",'List chi tiet'!Z6,"") -> LEVEL 46 - ROOF CROWN - SHIPMENT 1-GIA CONG UON ONG GIAO NHA MAY MIEN TRUNG | R11: =IFERROR(IF(OR(AD11=6000,AD11=12000),"x",""),"") -> x | S11: =IF(AD11<>"",IF(OR(AD11=6000,AD11=12000),"","x"),"") | U11: X | W11: =IF('List chi tiet'!Q6<>"",'List chi tiet'!Q6,"") -> 1 | X11: =IF('List chi tiet'!R6<>"",'List chi tiet'!R6,"") -> 46269 | AB11: =IF('List chi tiet'!V6<>"",'List chi tiet'!V6,"") -> 10726-040 | AC11: =IF('List chi tiet'!L6<>"",'List chi tiet'!L6,"") -> LSX-VT-BPI-TH-001 | AD11: =IF('List chi tiet'!K6<>"",'List chi tiet'!K6,"") -> 12000 | AE11: =IF(LEN('List chi tiet'!$B$2)=0,"",'List chi tiet'!$B$2) -> 10726-040 DG XK BPI HO REDEV SUPPLY MATERIAL
A12: =IF('List chi tiet'!A7<>"",'List chi tiet'!A7,"") -> 2 | B12: =IF('List chi tiet'!B7<>"",'List chi tiet'!B7,"") -> SS2289 | C12: =IF('List chi tiet'!E7<>"",'List chi tiet'!E7,"") -> 20 | D12: =IF('List chi tiet'!F7<>"",'List chi tiet'!F7,"") -> 400 | E12: =IF('List chi tiet'!G7<>"",'List chi tiet'!G7,"") -> 793 | F12: =IF('List chi tiet'!C7<>"",'List chi tiet'!C7,"") -> A500-GR.C | G12: =IF(A12<>"","Pcs","") -> Pcs | H12: =IF('List chi tiet'!H7<>"",'List chi tiet'!H7,"") -> 2 | I12: =IF('List chi tiet'!J7<>"",'List chi tiet'!J7,"") -> 289.08 | J12: =IF(A12<>"","SC-VT1","") -> SC-VT1 | K12: =IF(B12<>"","SC-VT1","") -> SC-VT1 | L12: NMMT | M12: LSX-VT-BPI-TH-001 | N12: =IF('List chi tiet'!D7<>"",'List chi tiet'!D7,"") -> PIPE400X20 | P12: =IF('List chi tiet'!Z7<>"",'List chi tiet'!Z7,"") -> LEVEL 46 - ROOF CROWN - SHIPMENT 1-GIA CONG UON ONG GIAO NHA MAY MIEN TRUNG | R12: =IFERROR(IF(OR(AD12=6000,AD12=12000),"x",""),"") -> x | S12: =IF(AD12<>"",IF(OR(AD12=6000,AD12=12000),"","x"),"") | U12: X | W12: =IF('List chi tiet'!Q7<>"",'List chi tiet'!Q7,"") -> 1 | X12: =IF('List chi tiet'!R7<>"",'List chi tiet'!R7,"") -> 46269 | AB12: =IF('List chi tiet'!V7<>"",'List chi tiet'!V7,"") -> 10726-040 | AC12: =IF('List chi tiet'!L7<>"",'List chi tiet'!L7,"") -> LSX-VT-BPI-TH-001 | AD12: =IF('List chi tiet'!K7<>"",'List chi tiet'!K7,"") -> 12000 | AE12: =IF(LEN('List chi tiet'!$B$2)=0,"",'List chi tiet'!$B$2) -> 10726-040 DG XK BPI HO REDEV SUPPLY MATERIAL
A13: =IF('List chi tiet'!A8<>"",'List chi tiet'!A8,"") -> 3 | B13: =IF('List chi tiet'!B8<>"",'List chi tiet'!B8,"") -> SS2595 | C13: =IF('List chi tiet'!E8<>"",'List chi tiet'!E8,"") -> 20 | D13: =IF('List chi tiet'!F8<>"",'List chi tiet'!F8,"") -> 400 | E13: =IF('List chi tiet'!G8<>"",'List chi tiet'!G8,"") -> 2121 | F13: =IF('List chi tiet'!C8<>"",'List chi tiet'!C8,"") -> A500-GR.C | G13: =IF(A13<>"","Pcs","") -> Pcs | H13: =IF('List chi tiet'!H8<>"",'List chi tiet'!H8,"") -> 1 | I13: =IF('List chi tiet'!J8<>"",'List chi tiet'!J8,"") -> 371.37 | J13: =IF(A13<>"","SC-VT1","") -> SC-VT1 | K13: =IF(B13<>"","SC-VT1","") -> SC-VT1 | L13: NMMT | M13: LSX-VT-BPI-TH-001 | N13: =IF('List chi tiet'!D8<>"",'List chi tiet'!D8,"") -> PIPE400X20 | P13: =IF('List chi tiet'!Z8<>"",'List chi tiet'!Z8,"") -> LEVEL 46 - ROOF CROWN - SHIPMENT 1-GIA CONG UON ONG GIAO NHA MAY MIEN TRUNG | R13: =IFERROR(IF(OR(AD13=6000,AD13=12000),"x",""),"") -> x | S13: =IF(AD13<>"",IF(OR(AD13=6000,AD13=12000),"","x"),"") | U13: X | W13: =IF('List chi tiet'!Q8<>"",'List chi tiet'!Q8,"") -> 1 | X13: =IF('List chi tiet'!R8<>"",'List chi tiet'!R8,"") -> 46269 | AB13: =IF('List chi tiet'!V8<>"",'List chi tiet'!V8,"") -> 10726-040 | AC13: =IF('List chi tiet'!L8<>"",'List chi tiet'!L8,"") -> LSX-VT-BPI-TH-001 | AD13: =IF('List chi tiet'!K8<>"",'List chi tiet'!K8,"") -> 12000 | AE13: =IF(LEN('List chi tiet'!$B$2)=0,"",'List chi tiet'!$B$2) -> 10726-040 DG XK BPI HO REDEV SUPPLY MATERIAL
A14: =IF('List chi tiet'!A9<>"",'List chi tiet'!A9,"") -> 4 | B14: =IF('List chi tiet'!B9<>"",'List chi tiet'!B9,"") -> SS2058 | C14: =IF('List chi tiet'!E9<>"",'List chi tiet'!E9,"") -> 20 | D14: =IF('List chi tiet'!F9<>"",'List chi tiet'!F9,"") -> 400 | E14: =IF('List chi tiet'!G9<>"",'List chi tiet'!G9,"") -> 9435 | F14: =IF('List chi tiet'!C9<>"",'List chi tiet'!C9,"") -> A500-GR.C | G14: =IF(A14<>"","Pcs","") -> Pcs | H14: =IF('List chi tiet'!H9<>"",'List chi tiet'!H9,"") -> 2 | I14: =IF('List chi tiet'!J9<>"",'List chi tiet'!J9,"") -> 3468.4 | J14: =IF(A14<>"","SC-VT1","") -> SC-VT1 | K14: =IF(B14<>"","SC-VT1","") -> SC-VT1 | L14: NMMT | M14: LSX-VT-BPI-TH-001 | N14: =IF('List chi tiet'!D9<>"",'List chi tiet'!D9,"") -> PIPE400X20 | P14: =IF('List chi tiet'!Z9<>"",'List chi tiet'!Z9,"") -> LEVEL 46 - ROOF CROWN - SHIPMENT 1-GIA CONG UON ONG GIAO NHA MAY MIEN TRUNG | R14: =IFERROR(IF(OR(AD14=6000,AD14=12000),"x",""),"") -> x | S14: =IF(AD14<>"",IF(OR(AD14=6000,AD14=12000),"","x"),"") | U14: X | W14: =IF('List chi tiet'!Q9<>"",'List chi tiet'!Q9,"") -> 1 | X14: =IF('List chi tiet'!R9<>"",'List chi tiet'!R9,"") -> 46269 | AB14: =IF('List chi tiet'!V9<>"",'List chi tiet'!V9,"") -> 10726-040 | AC14: =IF('List chi tiet'!L9<>"",'List chi tiet'!L9,"") -> LSX-VT-BPI-TH-001 | AD14: =IF('List chi tiet'!K9<>"",'List chi tiet'!K9,"") -> 12000 | AE14: =IF(LEN('List chi tiet'!$B$2)=0,"",'List chi tiet'!$B$2) -> 10726-040 DG XK BPI HO REDEV SUPPLY MATERIAL
A15: =IF('List chi tiet'!A10<>"",'List chi tiet'!A10,"") -> 5 | B15: =IF('List chi tiet'!B10<>"",'List chi tiet'!B10,"") -> SS2414 | C15: =IF('List chi tiet'!E10<>"",'List chi tiet'!E10,"") -> 20 | D15: =IF('List chi tiet'!F10<>"",'List chi tiet'!F10,"") -> 400 | E15: =IF('List chi tiet'!G10<>"",'List chi tiet'!G10,"") -> 1148 | F15: =IF('List chi tiet'!C10<>"",'List chi tiet'!C10,"") -> A500-GR.C | G15: =IF(A15<>"","Pcs","") -> Pcs | H15: =IF('List chi tiet'!H10<>"",'List chi tiet'!H10,"") -> 1 | I15: =IF('List chi tiet'!J10<>"",'List chi tiet'!J10,"") -> 171.12 | J15: =IF(A15<>"","SC-VT1","") -> SC-VT1 | K15: =IF(B15<>"","SC-VT1","") -> SC-VT1 | L15: NMMT | M15: LSX-VT-BPI-TH-001 | N15: =IF('List chi tiet'!D10<>"",'List chi tiet'!D10,"") -> PIPE400X20 | P15: =IF('List chi tiet'!Z10<>"",'List chi tiet'!Z10,"") -> LEVEL 46 - ROOF CROWN - SHIPMENT 1-GIA CONG UON ONG GIAO NHA MAY MIEN TRUNG | R15: =IFERROR(IF(OR(AD15=6000,AD15=12000),"x",""),"") -> x | S15: =IF(AD15<>"",IF(OR(AD15=6000,AD15=12000),"","x"),"") | U15: X | W15: =IF('List chi tiet'!Q10<>"",'List chi tiet'!Q10,"") -> 1 | X15: =IF('List chi tiet'!R10<>"",'List chi tiet'!R10,"") -> 46269 | AB15: =IF('List chi tiet'!V10<>"",'List chi tiet'!V10,"") -> 10726-040 | AC15: =IF('List chi tiet'!L10<>"",'List chi tiet'!L10,"") -> LSX-VT-BPI-TH-001 | AD15: =IF('List chi tiet'!K10<>"",'List chi tiet'!K10,"") -> 12000 | AE15: =IF(LEN('List chi tiet'!$B$2)=0,"",'List chi tiet'!$B$2) -> 10726-040 DG XK BPI HO REDEV SUPPLY MATERIAL
A16: =IF('List chi tiet'!A11<>"",'List chi tiet'!A11,"") -> 6 | B16: =IF('List chi tiet'!B11<>"",'List chi tiet'!B11,"") -> SS2413 | C16: =IF('List chi tiet'!E11<>"",'List chi tiet'!E11,"") -> 20 | D16: =IF('List chi tiet'!F11<>"",'List chi tiet'!F11,"") -> 400 | E16: =IF('List chi tiet'!G11<>"",'List chi tiet'!G11,"") -> 1161 | F16: =IF('List chi tiet'!C11<>"",'List chi tiet'!C11,"") -> A500-GR.C | G16: =IF(A16<>"","Pcs","") -> Pcs | H16: =IF('List chi tiet'!H11<>"",'List chi tiet'!H11,"") -> 1 | I16: =IF('List chi tiet'!J11<>"",'List chi tiet'!J11,"") -> 171.24 | J16: =IF(A16<>"","SC-VT1","") -> SC-VT1 | K16: =IF(B16<>"","SC-VT1","") -> SC-VT1 | L16: NMMT | M16: LSX-VT-BPI-TH-001 | N16: =IF('List chi tiet'!D11<>"",'List chi tiet'!D11,"") -> PIPE400X20 | P16: =IF('List chi tiet'!Z11<>"",'List chi tiet'!Z11,"") -> LEVEL 46 - ROOF CROWN - SHIPMENT 1-GIA CONG UON ONG GIAO NHA MAY MIEN TRUNG | R16: =IFERROR(IF(OR(AD16=6000,AD16=12000),"x",""),"") -> x | S16: =IF(AD16<>"",IF(OR(AD16=6000,AD16=12000),"","x"),"") | U16: X | W16: =IF('List chi tiet'!Q11<>"",'List chi tiet'!Q11,"") -> 1 | X16: =IF('List chi tiet'!R11<>"",'List chi tiet'!R11,"") -> 46269 | AB16: =IF('List chi tiet'!V11<>"",'List chi tiet'!V11,"") -> 10726-040 | AC16: =IF('List chi tiet'!L11<>"",'List chi tiet'!L11,"") -> LSX-VT-BPI-TH-001 | AD16: =IF('List chi tiet'!K11<>"",'List chi tiet'!K11,"") -> 12000 | AE16: =IF(LEN('List chi tiet'!$B$2)=0,"",'List chi tiet'!$B$2) -> 10726-040 DG XK BPI HO REDEV SUPPLY MATERIAL
A17: =IF('List chi tiet'!A12<>"",'List chi tiet'!A12,"") -> 7 | B17: =IF('List chi tiet'!B12<>"",'List chi tiet'!B12,"") -> SS2411 | C17: =IF('List chi tiet'!E12<>"",'List chi tiet'!E12,"") -> 20 | D17: =IF('List chi tiet'!F12<>"",'List chi tiet'!F12,"") -> 400 | E17: =IF('List chi tiet'!G12<>"",'List chi tiet'!G12,"") -> 923 | F17: =IF('List chi tiet'!C12<>"",'List chi tiet'!C12,"") -> A500-GR.C | G17: =IF(A17<>"","Pcs","") -> Pcs | H17: =IF('List chi tiet'!H12<>"",'List chi tiet'!H12,"") -> 1 | I17: =IF('List chi tiet'!J12<>"",'List chi tiet'!J12,"") -> 149.61 | J17: =IF(A17<>"","SC-VT1","") -> SC-VT1 | K17: =IF(B17<>"","SC-VT1","") -> SC-VT1 | L17: NMMT | M17: LSX-VT-BPI-TH-001 | N17: =IF('List chi tiet'!D12<>"",'List chi tiet'!D12,"") -> PIPE400X20 | P17: =IF('List chi tiet'!Z12<>"",'List chi tiet'!Z12,"") -> LEVEL 46 - ROOF CROWN - SHIPMENT 1-GIA CONG UON ONG GIAO NHA MAY MIEN TRUNG | R17: =IFERROR(IF(OR(AD17=6000,AD17=12000),"x",""),"") -> x | S17: =IF(AD17<>"",IF(OR(AD17=6000,AD17=12000),"","x"),"") | U17: X | W17: =IF('List chi tiet'!Q12<>"",'List chi tiet'!Q12,"") -> 1 | X17: =IF('List chi tiet'!R12<>"",'List chi tiet'!R12,"") -> 46269 | AB17: =IF('List chi tiet'!V12<>"",'List chi tiet'!V12,"") -> 10726-040 | AC17: =IF('List chi tiet'!L12<>"",'List chi tiet'!L12,"") -> LSX-VT-BPI-TH-001 | AD17: =IF('List chi tiet'!K12<>"",'List chi tiet'!K12,"") -> 12000 | AE17: =IF(LEN('List chi tiet'!$B$2)=0,"",'List chi tiet'!$B$2) -> 10726-040 DG XK BPI HO REDEV SUPPLY MATERIAL
A18: =IF('List chi tiet'!A13<>"",'List chi tiet'!A13,"") -> 8 | B18: =IF('List chi tiet'!B13<>"",'List chi tiet'!B13,"") -> SS2423 | C18: =IF('List chi tiet'!E13<>"",'List chi tiet'!E13,"") -> 20 | D18: =IF('List chi tiet'!F13<>"",'List chi tiet'!F13,"") -> 400 | E18: =IF('List chi tiet'!G13<>"",'List chi tiet'!G13,"") -> 768 | F18: =IF('List chi tiet'!C13<>"",'List chi tiet'!C13,"") -> A500-GR.C | G18: =IF(A18<>"","Pcs","") -> Pcs | H18: =IF('List chi tiet'!H13<>"",'List chi tiet'!H13,"") -> 1 | I18: =IF('List chi tiet'!J13<>"",'List chi tiet'!J13,"") -> 138.73 | J18: =IF(A18<>"","SC-VT1","") -> SC-VT1 | K18: =IF(B18<>"","SC-VT1","") -> SC-VT1 | L18: NMMT | M18: LSX-VT-BPI-TH-001 | N18: =IF('List chi tiet'!D13<>"",'List chi tiet'!D13,"") -> PIPE400X20 | P18: =IF('List chi tiet'!Z13<>"",'List chi tiet'!Z13,"") -> LEVEL 46 - ROOF CROWN - SHIPMENT 1-GIA CONG UON ONG GIAO NHA MAY MIEN TRUNG | R18: =IFERROR(IF(OR(AD18=6000,AD18=12000),"x",""),"") -> x | S18: =IF(AD18<>"",IF(OR(AD18=6000,AD18=12000),"","x"),"") | U18: X | W18: =IF('List chi tiet'!Q13<>"",'List chi tiet'!Q13,"") -> 1 | X18: =IF('List chi tiet'!R13<>"",'List chi tiet'!R13,"") -> 46269 | AB18: =IF('List chi tiet'!V13<>"",'List chi tiet'!V13,"") -> 10726-040 | AC18: =IF('List chi tiet'!L13<>"",'List chi tiet'!L13,"") -> LSX-VT-BPI-TH-001 | AD18: =IF('List chi tiet'!K13<>"",'List chi tiet'!K13,"") -> 12000 | AE18: =IF(LEN('List chi tiet'!$B$2)=0,"",'List chi tiet'!$B$2) -> 10726-040 DG XK BPI HO REDEV SUPPLY MATERIAL
A19: =IF('List chi tiet'!A14<>"",'List chi tiet'!A14,"") -> 9 | B19: =IF('List chi tiet'!B14<>"",'List chi tiet'!B14,"") -> SS2084 | C19: =IF('List chi tiet'!E14<>"",'List chi tiet'!E14,"") -> 20 | D19: =IF('List chi tiet'!F14<>"",'List chi tiet'!F14,"") -> 400 | E19: =IF('List chi tiet'!G14<>"",'List chi tiet'!G14,"") -> 8538 | F19: =IF('List chi tiet'!C14<>"",'List chi tiet'!C14,"") -> A500-GR.C | G19: =IF(A19<>"","Pcs","") -> Pcs | H19: =IF('List chi tiet'!H14<>"",'List chi tiet'!H14,"") -> 1 | I19: =IF('List chi tiet'!J14<>"",'List chi tiet'!J14,"") -> 1571.81 | J19: =IF(A19<>"","SC-VT1","") -> SC-VT1 | K19: =IF(B19<>"","SC-VT1","") -> SC-VT1 | L19: NMMT | M19: LSX-VT-BPI-TH-001 | N19: =IF('List chi tiet'!D14<>"",'List chi tiet'!D14,"") -> PIPE400X20 | P19: =IF('List chi tiet'!Z14<>"",'List chi tiet'!Z14,"") -> LEVEL 46 - ROOF CROWN - SHIPMENT 1-GIA CONG UON ONG GIAO NHA MAY MIEN TRUNG | R19: =IFERROR(IF(OR(AD19=6000,AD19=12000),"x",""),"") -> x | S19: =IF(AD19<>"",IF(OR(AD19=6000,AD19=12000),"","x"),"") | U19: X | W19: =IF('List chi tiet'!Q14<>"",'List chi tiet'!Q14,"") -> 1 | X19: =IF('List chi tiet'!R14<>"",'List chi tiet'!R14,"") -> 46269 | AB19: =IF('List chi tiet'!V14<>"",'List chi tiet'!V14,"") -> 10726-040 | AC19: =IF('List chi tiet'!L14<>"",'List chi tiet'!L14,"") -> LSX-VT-BPI-TH-001 | AD19: =IF('List chi tiet'!K14<>"",'List chi tiet'!K14,"") -> 12000 | AE19: =IF(LEN('List chi tiet'!$B$2)=0,"",'List chi tiet'!$B$2) -> 10726-040 DG XK BPI HO REDEV SUPPLY MATERIAL
A20: =IF('List chi tiet'!A15<>"",'List chi tiet'!A15,"") -> 10 | B20: =IF('List chi tiet'!B15<>"",'List chi tiet'!B15,"") -> SS2057 | C20: =IF('List chi tiet'!E15<>"",'List chi tiet'!E15,"") -> 20 | D20: =IF('List chi tiet'!F15<>"",'List chi tiet'!F15,"") -> 400 | E20: =IF('List chi tiet'!G15<>"",'List chi tiet'!G15,"") -> 8563 | F20: =IF('List chi tiet'!C15<>"",'List chi tiet'!C15,"") -> A500-GR.C | G20: =IF(A20<>"","Pcs","") -> Pcs | H20: =IF('List chi tiet'!H15<>"",'List chi tiet'!H15,"") -> 1 | I20: =IF('List chi tiet'!J15<>"",'List chi tiet'!J15,"") -> 1576.47 | J20: =IF(A20<>"","SC-VT1","") -> SC-VT1 | K20: =IF(B20<>"","SC-VT1","") -> SC-VT1 | L20: NMMT | M20: LSX-VT-BPI-TH-001 | N20: =IF('List chi tiet'!D15<>"",'List chi tiet'!D15,"") -> PIPE400X20 | P20: =IF('List chi tiet'!Z15<>"",'List chi tiet'!Z15,"") -> LEVEL 46 - ROOF CROWN - SHIPMENT 1-GIA CONG UON ONG GIAO NHA MAY MIEN TRUNG | R20: =IFERROR(IF(OR(AD20=6000,AD20=12000),"x",""),"") -> x | S20: =IF(AD20<>"",IF(OR(AD20=6000,AD20=12000),"","x"),"") | U20: X | W20: =IF('List chi tiet'!Q15<>"",'List chi tiet'!Q15,"") -> 1 | X20: =IF('List chi tiet'!R15<>"",'List chi tiet'!R15,"") -> 46269 | AB20: =IF('List chi tiet'!V15<>"",'List chi tiet'!V15,"") -> 10726-040 | AC20: =IF('List chi tiet'!L15<>"",'List chi tiet'!L15,"") -> LSX-VT-BPI-TH-001 | AD20: =IF('List chi tiet'!K15<>"",'List chi tiet'!K15,"") -> 12000 | AE20: =IF(LEN('List chi tiet'!$B$2)=0,"",'List chi tiet'!$B$2) -> 10726-040 DG XK BPI HO REDEV SUPPLY MATERIAL
A21: =IF('List chi tiet'!A16<>"",'List chi tiet'!A16,"") -> 11 | B21: =IF('List chi tiet'!B16<>"",'List chi tiet'!B16,"") -> SS2064 | C21: =IF('List chi tiet'!E16<>"",'List chi tiet'!E16,"") -> 20 | D21: =IF('List chi tiet'!F16<>"",'List chi tiet'!F16,"") -> 400 | E21: =IF('List chi tiet'!G16<>"",'List chi tiet'!G16,"") -> 9669 | F21: =IF('List chi tiet'!C16<>"",'List chi tiet'!C16,"") -> A500-GR.C | G21: =IF(A21<>"","Pcs","") -> Pcs | H21: =IF('List chi tiet'!H16<>"",'List chi tiet'!H16,"") -> 2 | I21: =IF('List chi tiet'!J16<>"",'List chi tiet'!J16,"") -> 3561.6 | J21: =IF(A21<>"","SC-VT1","") -> SC-VT1 | K21: =IF(B21<>"","SC-VT1","") -> SC-VT1 | L21: NMMT | M21: LSX-VT-BPI-TH-001 | N21: =IF('List chi tiet'!D16<>"",'List chi tiet'!D16,"") -> PIPE400X20 | P21: =IF('List chi tiet'!Z16<>"",'List chi tiet'!Z16,"") -> LEVEL 46 - ROOF CROWN - SHIPMENT 1-GIA CONG UON ONG GIAO NHA MAY MIEN TRUNG | R21: =IFERROR(IF(OR(AD21=6000,AD21=12000),"x",""),"") -> x | S21: =IF(AD21<>"",IF(OR(AD21=6000,AD21=12000),"","x"),"") | U21: X | W21: =IF('List chi tiet'!Q16<>"",'List chi tiet'!Q16,"") -> 1 | X21: =IF('List chi tiet'!R16<>"",'List chi tiet'!R16,"") -> 46269 | AB21: =IF('List chi tiet'!V16<>"",'List chi tiet'!V16,"") -> 10726-040 | AC21: =IF('List chi tiet'!L16<>"",'List chi tiet'!L16,"") -> LSX-VT-BPI-TH-001 | AD21: =IF('List chi tiet'!K16<>"",'List chi tiet'!K16,"") -> 12000 | AE21: =IF(LEN('List chi tiet'!$B$2)=0,"",'List chi tiet'!$B$2) -> 10726-040 DG XK BPI HO REDEV SUPPLY MATERIAL
A22: =IF('List chi tiet'!A17<>"",'List chi tiet'!A17,"") -> 12 | B22: =IF('List chi tiet'!B17<>"",'List chi tiet'!B17,"") -> SS2065 | C22: =IF('List chi tiet'!E17<>"",'List chi tiet'!E17,"") -> 20 | D22: =IF('List chi tiet'!F17<>"",'List chi tiet'!F17,"") -> 400 | E22: =IF('List chi tiet'!G17<>"",'List chi tiet'!G17,"") -> 9472 | F22: =IF('List chi tiet'!C17<>"",'List chi tiet'!C17,"") -> A500-GR.C | G22: =IF(A22<>"","Pcs","") -> Pcs | H22: =IF('List chi tiet'!H17<>"",'List chi tiet'!H17,"") -> 2 | I22: =IF('List chi tiet'!J17<>"",'List chi tiet'!J17,"") -> 3489.02 | J22: =IF(A22<>"","SC-VT1","") -> SC-VT1 | K22: =IF(B22<>"","SC-VT1","") -> SC-VT1 | L22: NMMT | M22: LSX-VT-BPI-TH-001 | N22: =IF('List chi tiet'!D17<>"",'List chi tiet'!D17,"") -> PIPE400X20 | P22: =IF('List chi tiet'!Z17<>"",'List chi tiet'!Z17,"") -> LEVEL 46 - ROOF CROWN - SHIPMENT 1-GIA CONG UON ONG GIAO NHA MAY MIEN TRUNG | R22: =IFERROR(IF(OR(AD22=6000,AD22=12000),"x",""),"") -> x | S22: =IF(AD22<>"",IF(OR(AD22=6000,AD22=12000),"","x"),"") | U22: X | W22: =IF('List chi tiet'!Q17<>"",'List chi tiet'!Q17,"") -> 1 | X22: =IF('List chi tiet'!R17<>"",'List chi tiet'!R17,"") -> 46269 | AB22: =IF('List chi tiet'!V17<>"",'List chi tiet'!V17,"") -> 10726-040 | AC22: =IF('List chi tiet'!L17<>"",'List chi tiet'!L17,"") -> LSX-VT-BPI-TH-001 | AD22: =IF('List chi tiet'!K17<>"",'List chi tiet'!K17,"") -> 12000 | AE22: =IF(LEN('List chi tiet'!$B$2)=0,"",'List chi tiet'!$B$2) -> 10726-040 DG XK BPI HO REDEV SUPPLY MATERIAL
... A44: =IF('List chi tiet'!A39<>"",'List chi tiet'!A39,"") -> 34 | B44: =IF('List chi tiet'!B39<>"",'List chi tiet'!B39,"") -> SS2056 | C44: =IF('List chi tiet'!E39<>"",'List chi tiet'!E39,"") -> 20 | D44: =IF('List chi tiet'!F39<>"",'List chi tiet'!F39,"") -> 400 | E44: =IF('List chi tiet'!G39<>"",'List chi tiet'!G39,"") -> 7944 | F44: =IF('List chi tiet'!C39<>"",'List chi tiet'!C39,"") -> A500-GR.C | G44: =IF(A44<>"","Pcs","") -> Pcs | H44: =IF('List chi tiet'!H39<>"",'List chi tiet'!H39,"") -> 2 | I44: =IF('List chi tiet'!J39<>"",'List chi tiet'!J39,"") -> 2940.42 | J44: =IF(A44<>"","SC-VT1","") -> SC-VT1 | K44: =IF(B44<>"","SC-VT1","") -> SC-VT1 | L44: NMMT | M44: LSX-VT-BPI-TH-001 | N44: =IF('List chi tiet'!D39<>"",'List chi tiet'!D39,"") -> PIPE400X20 | P44: =IF('List chi tiet'!Z39<>"",'List chi tiet'!Z39,"") -> LEVEL 46 - ROOF CROWN - SHIPMENT 1-GIA CONG UON ONG GIAO NHA MAY MIEN TRUNG | R44: =IFERROR(IF(OR(AD44=6000,AD44=12000),"x",""),"") -> x | S44: =IF(AD44<>"",IF(OR(AD44=6000,AD44=12000),"","x"),"") | U44: X | W44: =IF('List chi tiet'!Q39<>"",'List chi tiet'!Q39,"") -> 1 | X44: =IF('List chi tiet'!R39<>"",'List chi tiet'!R39,"") -> 46269 | AB44: =IF('List chi tiet'!V39<>"",'List chi tiet'!V39,"") -> 10726-040 | AC44: =IF('List chi tiet'!L39<>"",'List chi tiet'!L39,"") -> LSX-VT-BPI-TH-001 | AD44: =IF('List chi tiet'!K39<>"",'List chi tiet'!K39,"") -> 12000 | AE44: =IF(LEN('List chi tiet'!$B$2)=0,"",'List chi tiet'!$B$2) -> 10726-040 DG XK BPI HO REDEV SUPPLY MATERIAL

Sheet  
M2: LỆNH SẢN XUẤT/ PRODUCTION ORDER
A3: CÔNG TRÌNH/ CONSTRUCTION: | C3: ='List chi tiet'!B3&"-"&'List chi tiet'!B2 -> 10726-040-10726-040 DG XK BPI HO REDEV SUPPLY MATERIAL
A4: LSX/ PRODUCTION ORDER : | C4: =INDEX(M11:M99692, MATCH(1, INDEX(SUBTOTAL(3, OFFSET(M11, ROW(M11:M99692)-ROW(M11), 0)), 0), 0)) -> LSX-VT-BPI-TH
A5: Hạng mục/ Items: | C5: =INDEX(P11:P99692, MATCH(1, INDEX(SUBTOTAL(3, OFFSET(P11, ROW(P11:P99692)-ROW(P11), 0)), 0), 0)) -> LEVEL 46 - ROOF CROWN - SHIPMENT 1-GIA CONG UON ONG GIAO NHA MAY MIEN TRUNG
A6: Đơn vị gia công/ Processing unit: | C6: SC-VT1
A7: Lệnh xuất:
A8: Lệnh thu lỡ cỡ: | H8: =SUBTOTAL(9, H11:H99692) -> 1 | I8: =SUBTOTAL(9, I11:I99692) -> 149.47 | P8: =SUMPRODUCT(SUBTOTAL(103,OFFSET(B11,ROW(B11:B99692)-MIN(ROW(B11:B99692)),,1)),--(B11:B99692<>"")) -> 1
A9: Lệnh Thu phế liệu: | AC9: =IFERROR(VLOOKUP(A9,'List chi tiet'!$A:$L,12,0),"")
A10: STT/ No. | B10: Tên/ mã số Name/code | C10: Dày/ Thickness | D10: Rộng/ Width | E10: Dài/ Length | F10: Mác thép/ Steel mark | G10: ĐVT/ Unit | H10: SL / Qty | I10: Khối lượng/ Weight (kg) | J10: ĐV CẮT | K10: Đơn Vị Gia Công | L10: Đơn Vị Nhận | M10: LSX | N10: Lưu ý | O10: Có Lỗ | P10: Hạng Mục | Q10: Cánh Bụng bản mã | R10: Nguyên Khổ | S10: Lỡ Cỡ | T10: Tận Dụng | U10: Chấn Bend | V10: Vát Mép | W10: Lần Ban Hành | X10: Ngày B.hành | Y10: Note | Z10: REV01 | AA10: REV02 | AB10: Mã Dự Án | AC10: NESTING | AD10: Nguồn Gốc Vật Tư
A11: =IF('List chi tiet'!A6<>"",'List chi tiet'!A6,"") -> 1 | B11: =IF('List chi tiet'!B6<>"",'List chi tiet'!B6,"") -> SS2410 | C11: =IF('List chi tiet'!E6<>"",'List chi tiet'!E6,"") -> 20 | D11: =IF('List chi tiet'!F6<>"",'List chi tiet'!F6,"") -> 400 | E11: =IF('List chi tiet'!G6<>"",'List chi tiet'!G6,"") -> 923 | F11: =IF('List chi tiet'!C6<>"",'List chi tiet'!C6,"") -> A500-GR.C | G11: =IF(A11<>"","Pcs","") -> Pcs | H11: =IF('List chi tiet'!H6<>"",'List chi tiet'!H6,"") -> 1 | I11: =IF('List chi tiet'!J6<>"",'List chi tiet'!J6,"") -> 149.47 | J11: =IF(A11<>"","SC-VT1","") -> SC-VT1 | M11: =IF('List chi tiet'!A6<>"",LEFT('List chi tiet'!L6,FIND("-",'List chi tiet'!L6,FIND("-",'List chi tiet'!L6,FIND("-",'List chi tiet'!L6,FIND("-",'List chi tiet'!L6)+1)+1)+1)-1),"") -> LSX-VT-BPI-TH | N11: =IF('List chi tiet'!D6<>"",'List chi tiet'!D6,"") -> PIPE400X20 | P11: =IF('List chi tiet'!Z6<>"",'List chi tiet'!Z6,"") -> LEVEL 46 - ROOF CROWN - SHIPMENT 1-GIA CONG UON ONG GIAO NHA MAY MIEN TRUNG | W11: =IF('List chi tiet'!Q6<>"",'List chi tiet'!Q6,"") -> 1 | X11: =IF('List chi tiet'!R6<>"",'List chi tiet'!R6,"") -> 46269 | AB11: =IF('List chi tiet'!V6<>"",'List chi tiet'!V6,"") -> 10726-040 | AC11: =IF('List chi tiet'!L6<>"",'List chi tiet'!L6,"") -> LSX-VT-BPI-TH-001 | AD11: =IF('List chi tiet'!K6<>"",'List chi tiet'!K6,"") -> 12000
