Workbook

Sheet List chi tiet
L1: LIST CHI TIẾT CẤU KIỆN
A2: Tên Công Trình: | B2: 10626-125 DG TN CẦU CỎ MAY
A3: Mã Dự Án: | B3: 10626-125
A4: Building No. : | B4: =INDEX(Z6:Z99999, MATCH(1, INDEX(SUBTOTAL(3, OFFSET(Z6, ROW(Z6:Z99999)-ROW(Z6), 0)), 0), 0)) -> TEST MẪU HÀN | G4: =SUMPRODUCT(G6:G99999, H6:H99999, SUBTOTAL(103, OFFSET(G6, ROW(G6:G99999)-ROW(G6), 0))) -> 15000 | H4: =SUMPRODUCT(SUBTOTAL(109, OFFSET(H6, ROW(H6:H99995)-ROW(H6), 0)), (B6:B99995<>"") * (B6:B99995<>0)) -> 50 | J4: =SUMPRODUCT(SUBTOTAL(109, OFFSET(J6, ROW(J6:J99995)-ROW(J6), 0)), (B6:B99995<>"") * (B6:B99995<>0)) -> 95.1 | L4: =SUMPRODUCT(SUBTOTAL(103, OFFSET(B6, ROW(B6:B99996)-ROW(B6), 0))) -> 1
A5: STT | B5: Tên chi tiết | C5: Mác thép | D5: Quy.Cách.Part | E5: Dày | F5: Rộng | G5: Dài | H5: Qty | I5: KL chi tiết | J5: KL Tổng | K5: Quy Cách Vật Tư | L5: Số Nesting | M5: Cutting | N5: Khoan | O5: Chấn | P5: Vát mép | Q5: Lần-BH | R5: Ngày B.Hành | S5: Note | T5: REV01 | U5: REV02 | V5: Mã Dự Án | W5: TC | X5: BM | Y5: CB | Z5: Hạng Mục | AA5: Nguồn Gốc Vật Tư | AC5: NEST PAGE NO
A6: 1 | B6: PL6 | C6: Q355 | D6: PL6x75x300 | E6: 6 | F6: 75 | G6: 300 | H6: 15 | I6: 1.06 | J6: 15.9 | K6: PL6x862x12000 | L6: VT-CCM-TT-001-TESTMH-Q355-SP6-001 | Q6: 1 | R6: 22/09/2026 | T6: REV0 | V6: =IF(LEN($B$3)=0,"",$B$3) -> 10626-125 | W6: X | Z6: TEST MẪU HÀN | AA6: VT-HV-TT-060-SUPERTRUSS -X01-Q355-SP6-001 | AC6: VT-10626-125-Z00-001
A7: 2 | B7: PL6 | C7: Q355 | D7: PL6x75x300 | E7: 6 | F7: 75 | G7: 300 | H7: 25 | I7: 1.06 | J7: 26.49 | K7: PL6x846x2340 | L7: VT-CCM-TT-001-TESTMH-Q355-SP6-002 | Q7: 1 | R7: 22/09/2026 | T7: REV0 | V7: =IF(LEN($B$3)=0,"",$B$3) -> 10626-125 | W7: X | Z7: TEST MẪU HÀN | AA7: VT-HV-TT-064-SUPTRUSS -X01-Q355-SP6-001 | AC7: VT-10626-125-Z00-002
A8: 3 | B8: PL10 | C8: Q355 | D8: PL10x75x500 | E8: 10 | F8: 75 | G8: 500 | H8: 5 | I8: 2.94 | J8: 14.72 | K8: PL10x402x1305 | L8: VT-CCM-TT-001-TESTMH-Q355-SP10-001 | Q8: 1 | R8: 22/09/2026 | T8: REV0 | V8: =IF(LEN($B$3)=0,"",$B$3) -> 10626-125 | W8: X | Z8: TEST MẪU HÀN | AA8: VT-FD-TT-027-TESTMH -Q355-SP10-001 | AC8: VT-10626-125-Z00-003
A9: 4 | B9: PL12 | C9: Q355 | D9: PL12x386x722 | E9: 12 | F9: 386 | G9: 722 | H9: 91 | I9: 0.24 | J9: 21.43 | K9: PL12x414x728 | L9: VT-CCM-TT-001-TESTMH-Q355-SP12-001 | Q9: 1 | R9: 22/09/2026 | T9: REV0 | V9: =IF(LEN($B$3)=0,"",$B$3) -> 10626-125 | W9: X | Z9: TEST MẪU HÀN | AA9: VT-CR-TT-019-TESTMH -Q355-SP12-003 | AC9: VT-10626-125-Z00-004
A10: 5 | B10: PL12 | C10: Q355 | D10: PL12x50x50 | E10: 12 | F10: 50 | G10: 50 | H10: 39 | I10: 0.24 | J10: 9.18 | K10: PL12x328x1480 | L10: VT-CCM-TT-001-TESTMH-Q355-SP12-002 | Q10: 1 | R10: 22/09/2026 | T10: REV0 | V10: =IF(LEN($B$3)=0,"",$B$3) -> 10626-125 | W10: X | Z10: TEST MẪU HÀN | AA10: VT-CR-TT-019-TESTMH -Q355-SP12-002 | AC10: VT-10626-125-Z00-005
A11: 6 | B11: PL25_1-V | C11: Q355 | D11: PL25x100x250 | E11: 25 | F11: 100 | G11: 250 | H11: 13 | I11: 4.91 | J11: 63.78 | K11: PL25x2000x6520 | L11: VT-CCM-TT-001-TESTMH-Q355-SP0-001 | P11: X | Q11: 1 | R11: 22/09/2026 | T11: REV0 | V11: =IF(LEN($B$3)=0,"",$B$3) -> 10626-125 | W11: X | Z11: TEST MẪU HÀN | AA11: VT-S2-TT-079-PM(UT4-UT5) -Q355B-SP25-001 | AC11: VT-10626-125-Z00-006
A12: 7 | B12: PL25_3-V | C12: Q355 | D12: PL25x200x450 | E12: 25 | F12: 200 | G12: 450 | H12: 2 | I12: 17.66 | J12: 35.33 | K12: PL25x2000x6520 | L12: VT-CCM-TT-001-TESTMH-Q355-SP0-001 | P12: X | Q12: 1 | R12: 22/09/2026 | T12: REV0 | V12: =IF(LEN($B$3)=0,"",$B$3) -> 10626-125 | W12: X | Z12: TEST MẪU HÀN | AA12: VT-S2-TT-079-PM(UT4-UT5) -Q355B-SP25-001 | AC12: VT-10626-125-Z00-006
A13: 8 | B13: PL25_1-V | C13: Q355 | D13: PL25x100x250 | E13: 25 | F13: 100 | G13: 250 | H13: 4 | I13: 4.91 | J13: 19.63 | K13: PL25x1163x1512 | L13: VT-CCM-TT-001-TESTMH-Q355-SP25-002 | P13: X | Q13: 1 | R13: 22/09/2026 | T13: REV0 | V13: =IF(LEN($B$3)=0,"",$B$3) -> 10626-125 | W13: X | Z13: TEST MẪU HÀN | AA13: VT-HV-TT-060-SUPERTRUSS -X01-Q355-SP25-006_2 | AC13: VT-10626-125-Z00-007
A14: 9 | B14: PL25_2-V | C14: Q355 | D14: PL25x100x250 | E14: 25 | F14: 100 | G14: 250 | H14: 11 | I14: 4.91 | J14: 53.97 | K14: PL25x1163x1512 | L14: VT-CCM-TT-001-TESTMH-Q355-SP25-002 | P14: X | Q14: 1 | R14: 22/09/2026 | T14: REV0 | V14: =IF(LEN($B$3)=0,"",$B$3) -> 10626-125 | W14: X | Z14: TEST MẪU HÀN | AA14: VT-HV-TT-060-SUPERTRUSS -X01-Q355-SP25-006_2 | AC14: VT-10626-125-Z00-007
A15: 10 | B15: PL25_1-V | C15: Q355 | D15: PL25x100x250 | E15: 25 | F15: 100 | G15: 250 | H15: 23 | I15: 4.91 | J15: 112.84 | K15: PL25x488x5153 | L15: VT-CCM-TT-001-TESTMH-Q355-SP25-003 | P15: X | Q15: 1 | R15: 22/09/2026 | T15: REV0 | V15: =IF(LEN($B$3)=0,"",$B$3) -> 10626-125 | W15: X | Z15: TEST MẪU HÀN | AA15: VT-HV-TT-061-SUPERTRUSS -X01-Q355-SP25-002 | AC15: VT-10626-125-Z00-008
A16: 11 | B16: PL25_3-V | C16: Q355 | D16: PL25x200x450 | E16: 25 | F16: 200 | G16: 450 | H16: 3 | I16: 17.66 | J16: 52.99 | K16: PL25x488x5153 | L16: VT-CCM-TT-001-TESTMH-Q355-SP25-003 | P16: X | Q16: 1 | R16: 22/09/2026 | T16: REV0 | V16: =IF(LEN($B$3)=0,"",$B$3) -> 10626-125 | W16: X | Z16: TEST MẪU HÀN | AA16: VT-HV-TT-061-SUPERTRUSS -X01-Q355-SP25-002 | AC16: VT-10626-125-Z00-008
A17: 12 | B17: PL25_4-V | C17: Q355 | D17: PL25x200x450 | E17: 25 | F17: 200 | G17: 450 | H17: 1 | I17: 17.66 | J17: 17.66 | K17: PL25x488x5153 | L17: VT-CCM-TT-001-TESTMH-Q355-SP25-003 | P17: X | Q17: 1 | R17: 22/09/2026 | T17: REV0 | V17: =IF(LEN($B$3)=0,"",$B$3) -> 10626-125 | W17: X | Z17: TEST MẪU HÀN | AA17: VT-HV-TT-061-SUPERTRUSS -X01-Q355-SP25-002 | AC17: VT-10626-125-Z00-008
A18: 13 | B18: PL25_2-V | C18: Q355 | D18: PL25x100x250 | E18: 25 | F18: 100 | G18: 250 | H18: 15 | I18: 4.91 | J18: 73.59 | K18: PL25x692x1169 | L18: VT-CCM-TT-001-TESTMH-Q355-SP25-004 | P18: X | Q18: 1 | R18: 22/09/2026 | T18: REV0 | V18: =IF(LEN($B$3)=0,"",$B$3) -> 10626-125 | W18: X | Z18: TEST MẪU HÀN | AA18: VT-HV-TT-064-SUPERTRUSS -X01-Q355-SP25-001_2 | AC18: VT-10626-125-Z00-009
A19: 14 | B19: PL25_4-V | C19: Q355 | D19: PL25x200x450 | E19: 25 | F19: 200 | G19: 450 | H19: 4 | I19: 17.66 | J19: 70.65 | K19: PL25x692x1169 | L19: VT-CCM-TT-001-TESTMH-Q355-SP25-004 | P19: X | Q19: 1 | R19: 22/09/2026 | T19: REV0 | V19: =IF(LEN($B$3)=0,"",$B$3) -> 10626-125 | W19: X | Z19: TEST MẪU HÀN | AA19: VT-HV-TT-064-SUPERTRUSS -X01-Q355-SP25-001_2 | AC19: VT-10626-125-Z00-009
A20: 15 | B20: PL25_2-V | C20: Q355 | D20: PL25x100x250 | E20: 25 | F20: 100 | G20: 250 | H20: 8 | I20: 4.91 | J20: 39.25 | K20: PL25x193x2101 | L20: VT-CCM-TT-001-TESTMH-Q355-SP25-005 | P20: X | Q20: 1 | R20: 22/09/2026 | T20: REV0 | V20: =IF(LEN($B$3)=0,"",$B$3) -> 10626-125 | W20: X | Z20: TEST MẪU HÀN | AA20: VT-CDB-TT-078-TEST_MAU -Q355-SP25-001 | AC20: VT-10626-125-Z00-010
A21: 16 | B21: PL25_2-V | C21: Q355 | D21: PL25x100x250 | E21: 25 | F21: 100 | G21: 250 | H21: 6 | I21: 4.91 | J21: 29.44 | K21: PL25x191x1582 | L21: VT-CCM-TT-001-TESTMH-Q355-SP25-006 | P21: X | Q21: 1 | R21: 22/09/2026 | T21: REV0 | V21: =IF(LEN($B$3)=0,"",$B$3) -> 10626-125 | W21: X | Z21: TEST MẪU HÀN | AA21: VT-HV-TT-064-SUPERTRUSS -X01-Q355-SP25-001_1 | AC21: VT-10626-125-Z00-011
A22: 1 | B22: PL12 | C22: S355J2+N | D22: PL12x80.43x300 | E22: 12 | F22: 80.43 | G22: 300 | H22: 50 | I22: 1.9 | J22: 95.1 | K22: PL12x1500x3314 | L22: VT-CCM-TT-002-TESTMH-S355J2+N-SP12-001 | Q22: 2 | R22: 46063 | T22: REV0 | V22: 10626-125 | W22: X | Z22: TEST MẪU HÀN | AA22: VT-CR-TT-018-TESTMAUHAN -S355J2+N-SP12-001 | AC22: VT-10626-125-Z00-012

Sheet Phieu vat tu
F1: Phiếu Yêu Cầu Vật Tư - VT-CCM-TT-001
M3: =SUMPRODUCT(SUBTOTAL(109, OFFSET(M5, ROW(M5:M99999)-ROW(M5), 0)), (F5:F99999<>"") * (F5:F99999<>0)) -> 1 | N3: =SUMPRODUCT(SUBTOTAL(109, OFFSET(N5, ROW(N5:N99999)-ROW(N5), 0)), (F5:F99999<>"") * (F5:F99999<>0)) -> 459.62 | P3: =SUMPRODUCT(SUBTOTAL(109, OFFSET(P5, ROW(P5:P99995)-ROW(P5), 0)), (E5:E99995<>"") * (E5:E99995<>0)) -> 95.1 | Q3: =SUMPRODUCT(SUBTOTAL(109, OFFSET(Q5, ROW(Q5:Q99999)-ROW(Q5), 0)), (F5:F99999<>"") * (F5:F99999<>0)) -> 0 | R3: =SUMPRODUCT(SUBTOTAL(109, OFFSET(R5, ROW(R5:R99999)-ROW(R5), 0)), (F5:F99999<>"") * (F5:F99999<>0)) -> 459.62 | S3: =SUMPRODUCT(SUBTOTAL(109, OFFSET(S5, ROW(S5:S99999)-ROW(S5), 0)), (F5:F99999<>"") * (F5:F99999<>0)) -> 329.91 | T3: =SUMPRODUCT(SUBTOTAL(109, OFFSET(T5, ROW(T5:T99999)-ROW(T5), 0)), (F5:F99999<>"") * (F5:F99999<>0)) -> 33.94 | U3: =SUMPRODUCT(SUBTOTAL(109, OFFSET(U5, ROW(U5:U99999)-ROW(U5), 0)), (F5:F99999<>"") * (F5:F99999<>0)) -> 0.67
A4: No STT | B4: Project name Dự Án | C4: NESTING NO | D4: Phase Hạng Mục | E4: Type PCS | F4: Material Mác Thép | G4: Size Quy Cách | H4: Thickness (mm) | I4: Width (mm) | J4: Length (mm) | K4: Unit ĐVT | L4: KLR (Kg/m3) | M4: Qty S.Lượng | N4: Weight (kg) | O4: Nguồn Gốc Vật Tư | P4: Khối Lượng Thành Phẩm | Q4: Lệnh Xuất Vật Tư Nguyên Khổ (kg) | R4: Lệnh Xuất Remain (kg) | S4: Lệnh Thu Remain (kg) | T4: Lệnh Thu Phế Liệu (kg) | U4: Phế Liệu Tiêu Hao (Không Thu Hồi) (kg) | V4: Lần Ban Hành | W4: Lệnh Sản Xuất | Y4: REV | Z4: NGƯỜI BAN HÀNH
A5: 1 | B5: =IF(LEN('List chi tiet'!$B$3)=0,"",'List chi tiet'!$B$3) -> 10626-125 | C5: VT-CCM-TT-001-TESTMH-Q355-SP6-001 | D5: =IF(LEN('List chi tiet'!$B$4)=0,"",'List chi tiet'!$B$4) -> TEST MẪU HÀN | E5: PLATE | F5: Q355 | G5: 6x862x12000 | H5: 6 | I5: 862 | J5: 12000 | K5: Pcs | M5: 1 | N5: 487.2 | O5: VT-HV-TT-060-SUPERTRUSS -X01-Q355-SP6-001 | P5: 15.9 | Q5: =IF(O5="NEWPLATE", N5, "") | R5: =IF(O5<>"NEWPLATE", N5, "") -> 487.2 | S5: 469.69 | T5: =MAX(ROUND(N5-P5-IF(S5="",0,S5)-U5, 2), 0) -> 1.5 | U5: =ROUND(P5*0.7/100, 2) -> 0.11 | V5: 1 | W5: VT-CCM-TT-001 | X5: =IF(LEN('List chi tiet'!$B$2)=0,"",'List chi tiet'!$B$2) -> 10626-125 DG TN CẦU CỎ MAY | Y5: REV0 | Z5: NGUYEN SONG HUONG
A6: 2 | B6: =IF(LEN('List chi tiet'!$B$3)=0,"",'List chi tiet'!$B$3) -> 10626-125 | C6: VT-CCM-TT-001-TESTMH-Q355-SP6-002 | D6: =IF(LEN('List chi tiet'!$B$4)=0,"",'List chi tiet'!$B$4) -> TEST MẪU HÀN | E6: PLATE | F6: Q355 | G6: 6x846x2340 | H6: 6 | I6: 846 | J6: 2340 | K6: Pcs | M6: 1 | N6: 35.65 | O6: VT-HV-TT-064-SUPTRUSS -X01-Q355-SP6-001 | P6: 26.49 | Q6: =IF(O6="NEWPLATE", N6, "") | R6: =IF(O6<>"NEWPLATE", N6, "") -> 35.65 | S6: 1.9 | T6: =MAX(ROUND(N6-P6-IF(S6="",0,S6)-U6, 2), 0) -> 7.07 | U6: =ROUND(P6*0.7/100, 2) -> 0.19 | V6: 1 | W6: VT-CCM-TT-001 | X6: =IF(LEN('List chi tiet'!$B$2)=0,"",'List chi tiet'!$B$2) -> 10626-125 DG TN CẦU CỎ MAY | Y6: REV0 | Z6: NGUYEN SONG HUONG
A7: 3 | B7: =IF(LEN('List chi tiet'!$B$3)=0,"",'List chi tiet'!$B$3) -> 10626-125 | C7: VT-CCM-TT-001-TESTMH-Q355-SP10-001 | D7: =IF(LEN('List chi tiet'!$B$4)=0,"",'List chi tiet'!$B$4) -> TEST MẪU HÀN | E7: PLATE | F7: Q355 | G7: 10x402x1305 | H7: 10 | I7: 402 | J7: 1305 | K7: Pcs | M7: 1 | N7: 36.99 | O7: VT-FD-TT-027-TESTMH -Q355-SP10-001 | P7: 14.72 | Q7: =IF(O7="NEWPLATE", N7, "") | R7: =IF(O7<>"NEWPLATE", N7, "") -> 36.99 | S7: 21.01 | T7: =MAX(ROUND(N7-P7-IF(S7="",0,S7)-U7, 2), 0) -> 1.16 | U7: =ROUND(P7*0.7/100, 2) -> 0.1 | V7: 1 | W7: VT-CCM-TT-001 | X7: =IF(LEN('List chi tiet'!$B$2)=0,"",'List chi tiet'!$B$2) -> 10626-125 DG TN CẦU CỎ MAY | Y7: REV0 | Z7: NGUYEN SONG HUONG
A8: 4 | B8: =IF(LEN('List chi tiet'!$B$3)=0,"",'List chi tiet'!$B$3) -> 10626-125 | C8: VT-CCM-TT-001-TESTMH-Q355-SP12-001 | D8: =IF(LEN('List chi tiet'!$B$4)=0,"",'List chi tiet'!$B$4) -> TEST MẪU HÀN | E8: PLATE | F8: Q355 | G8: 12x414x728 | H8: 12 | I8: 414 | J8: 728 | K8: Pcs | M8: 1 | N8: 28.39 | O8: VT-CR-TT-019-TESTMH -Q355-SP12-003 | P8: 21.43 | Q8: =IF(O8="NEWPLATE", N8, "") | R8: =IF(O8<>"NEWPLATE", N8, "") -> 28.39 | T8: =MAX(ROUND(N8-P8-IF(S8="",0,S8)-U8, 2), 0) -> 6.81 | U8: =ROUND(P8*0.7/100, 2) -> 0.15 | V8: 1 | W8: VT-CCM-TT-001 | X8: =IF(LEN('List chi tiet'!$B$2)=0,"",'List chi tiet'!$B$2) -> 10626-125 DG TN CẦU CỎ MAY | Y8: REV0 | Z8: NGUYEN SONG HUONG
A9: 5 | B9: =IF(LEN('List chi tiet'!$B$3)=0,"",'List chi tiet'!$B$3) -> 10626-125 | C9: VT-CCM-TT-001-TESTMH-Q355-SP12-002 | D9: =IF(LEN('List chi tiet'!$B$4)=0,"",'List chi tiet'!$B$4) -> TEST MẪU HÀN | E9: PLATE | F9: Q355 | G9: 12x328x1480 | H9: 12 | I9: 328 | J9: 1480 | K9: Pcs | M9: 1 | N9: 21.22 | O9: VT-CR-TT-019-TESTMH -Q355-SP12-002 | P9: 9.18 | Q9: =IF(O9="NEWPLATE", N9, "") | R9: =IF(O9<>"NEWPLATE", N9, "") -> 21.22 | S9: 9.74 | T9: =MAX(ROUND(N9-P9-IF(S9="",0,S9)-U9, 2), 0) -> 2.24 | U9: =ROUND(P9*0.7/100, 2) -> 0.06 | V9: 1 | W9: VT-CCM-TT-001 | X9: =IF(LEN('List chi tiet'!$B$2)=0,"",'List chi tiet'!$B$2) -> 10626-125 DG TN CẦU CỎ MAY | Y9: REV0 | Z9: NGUYEN SONG HUONG
A10: 6 | B10: =IF(LEN('List chi tiet'!$B$3)=0,"",'List chi tiet'!$B$3) -> 10626-125 | C10: VT-CCM-TT-001-TESTMH-Q355-SP0-001 | D10: =IF(LEN('List chi tiet'!$B$4)=0,"",'List chi tiet'!$B$4) -> TEST MẪU HÀN | E10: PLATE | F10: Q355 | G10: 25x2000x6520 | H10: 25 | I10: 2000 | J10: 6520 | K10: Pcs | M10: 1 | N10: 2544 | O10: VT-S2-TT-079-PM(UT4-UT5) -Q355B-SP25-001 | P10: 99.11 | Q10: =IF(O10="NEWPLATE", N10, "") | R10: =IF(O10<>"NEWPLATE", N10, "") -> 2544 | S10: 2425.96 | T10: =MAX(ROUND(N10-P10-IF(S10="",0,S10)-U10, 2), 0) -> 18.24 | U10: =ROUND(P10*0.7/100, 2) -> 0.69 | V10: 1 | W10: VT-CCM-TT-001 | X10: =IF(LEN('List chi tiet'!$B$2)=0,"",'List chi tiet'!$B$2) -> 10626-125 DG TN CẦU CỎ MAY | Y10: REV0 | Z10: NGUYEN SONG HUONG
A11: 7 | B11: =IF(LEN('List chi tiet'!$B$3)=0,"",'List chi tiet'!$B$3) -> 10626-125 | C11: VT-CCM-TT-001-TESTMH-Q355-SP25-002 | D11: =IF(LEN('List chi tiet'!$B$4)=0,"",'List chi tiet'!$B$4) -> TEST MẪU HÀN | E11: PLATE | F11: Q355 | G11: 25x1163x1512 | H11: 25 | I11: 1163 | J11: 1512 | K11: Pcs | M11: 1 | N11: 108.99 | O11: VT-HV-TT-060-SUPERTRUSS -X01-Q355-SP25-006_2 | P11: 73.6 | Q11: =IF(O11="NEWPLATE", N11, "") | R11: =IF(O11<>"NEWPLATE", N11, "") -> 108.99 | S11: 14.8 | T11: =MAX(ROUND(N11-P11-IF(S11="",0,S11)-U11, 2), 0) -> 20.07 | U11: =ROUND(P11*0.7/100, 2) -> 0.52 | V11: 1 | W11: VT-CCM-TT-001 | X11: =IF(LEN('List chi tiet'!$B$2)=0,"",'List chi tiet'!$B$2) -> 10626-125 DG TN CẦU CỎ MAY | Y11: REV0 | Z11: NGUYEN SONG HUONG
A12: 8 | B12: =IF(LEN('List chi tiet'!$B$3)=0,"",'List chi tiet'!$B$3) -> 10626-125 | C12: VT-CCM-TT-001-TESTMH-Q355-SP25-003 | D12: =IF(LEN('List chi tiet'!$B$4)=0,"",'List chi tiet'!$B$4) -> TEST MẪU HÀN | E12: PLATE | F12: Q355 | G12: 25x488x5153 | H12: 25 | I12: 488 | J12: 5153 | K12: Pcs | M12: 1 | N12: 262.18 | O12: VT-HV-TT-061-SUPERTRUSS -X01-Q355-SP25-002 | P12: 183.49 | Q12: =IF(O12="NEWPLATE", N12, "") | R12: =IF(O12<>"NEWPLATE", N12, "") -> 262.18 | S12: 57.59 | T12: =MAX(ROUND(N12-P12-IF(S12="",0,S12)-U12, 2), 0) -> 19.82 | U12: =ROUND(P12*0.7/100, 2) -> 1.28 | V12: 1 | W12: VT-CCM-TT-001 | X12: =IF(LEN('List chi tiet'!$B$2)=0,"",'List chi tiet'!$B$2) -> 10626-125 DG TN CẦU CỎ MAY | Y12: REV0 | Z12: NGUYEN SONG HUONG
A13: 9 | B13: =IF(LEN('List chi tiet'!$B$3)=0,"",'List chi tiet'!$B$3) -> 10626-125 | C13: VT-CCM-TT-001-TESTMH-Q355-SP25-004 | D13: =IF(LEN('List chi tiet'!$B$4)=0,"",'List chi tiet'!$B$4) -> TEST MẪU HÀN | E13: PLATE | F13: Q355 | G13: 25x692x1169 | H13: 25 | I13: 692 | J13: 1169 | K13: Pcs | M13: 1 | N13: 158.76 | O13: VT-HV-TT-064-SUPERTRUSS -X01-Q355-SP25-001_2 | P13: 144.24 | Q13: =IF(O13="NEWPLATE", N13, "") | R13: =IF(O13<>"NEWPLATE", N13, "") -> 158.76 | T13: =MAX(ROUND(N13-P13-IF(S13="",0,S13)-U13, 2), 0) -> 13.51 | U13: =ROUND(P13*0.7/100, 2) -> 1.01 | V13: 1 | W13: VT-CCM-TT-001 | X13: =IF(LEN('List chi tiet'!$B$2)=0,"",'List chi tiet'!$B$2) -> 10626-125 DG TN CẦU CỎ MAY | Y13: REV0 | Z13: NGUYEN SONG HUONG
A14: 10 | B14: =IF(LEN('List chi tiet'!$B$3)=0,"",'List chi tiet'!$B$3) -> 10626-125 | C14: VT-CCM-TT-001-TESTMH-Q355-SP25-005 | D14: =IF(LEN('List chi tiet'!$B$4)=0,"",'List chi tiet'!$B$4) -> TEST MẪU HÀN | E14: PLATE | F14: Q355 | G14: 25x193x2101 | H14: 25 | I14: 193 | J14: 2101 | K14: Pcs | M14: 1 | N14: 79.39 | O14: VT-CDB-TT-078-TEST_MAU -Q355-SP25-001 | P14: 39.25 | Q14: =IF(O14="NEWPLATE", N14, "") | R14: =IF(O14<>"NEWPLATE", N14, "") -> 79.39 | S14: 35.68 | T14: =MAX(ROUND(N14-P14-IF(S14="",0,S14)-U14, 2), 0) -> 4.19 | U14: =ROUND(P14*0.7/100, 2) -> 0.27 | V14: 1 | W14: VT-CCM-TT-001 | X14: =IF(LEN('List chi tiet'!$B$2)=0,"",'List chi tiet'!$B$2) -> 10626-125 DG TN CẦU CỎ MAY | Y14: REV0 | Z14: NGUYEN SONG HUONG
A15: 11 | B15: =IF(LEN('List chi tiet'!$B$3)=0,"",'List chi tiet'!$B$3) -> 10626-125 | C15: VT-CCM-TT-001-TESTMH-Q355-SP25-006 | D15: =IF(LEN('List chi tiet'!$B$4)=0,"",'List chi tiet'!$B$4) -> TEST MẪU HÀN | E15: PLATE | F15: Q355 | G15: 25x191x1582 | H15: 25 | I15: 191 | J15: 1582 | K15: Pcs | M15: 1 | N15: 59.3 | O15: VT-HV-TT-064-SUPERTRUSS -X01-Q355-SP25-001_1 | P15: 29.44 | Q15: =IF(O15="NEWPLATE", N15, "") | R15: =IF(O15<>"NEWPLATE", N15, "") -> 59.3 | S15: 26.39 | T15: =MAX(ROUND(N15-P15-IF(S15="",0,S15)-U15, 2), 0) -> 3.26 | U15: =ROUND(P15*0.7/100, 2) -> 0.21 | V15: 1 | W15: VT-CCM-TT-001 | X15: =IF(LEN('List chi tiet'!$B$2)=0,"",'List chi tiet'!$B$2) -> 10626-125 DG TN CẦU CỎ MAY | Y15: REV0 | Z15: NGUYEN SONG HUONG
A16: 1 | B16: 10626-125 | C16: VT-CCM-TT-002-TESTMH-S355J2+N-SP12-001 | D16: TEST MẪU HÀN | E16: PLATE | F16: S355J2+N | G16: 12x1500x3314 | H16: 12 | I16: 1500 | J16: 3314 | K16: Pcs | M16: 1 | N16: 459.62 | O16: VT-CR-TT-018-TESTMAUHAN -S355J2+N-SP12-001 | P16: 95.1 | R16: 459.62 | S16: 329.91 | T16: 33.94 | U16: 0.67 | V16: 2 | W16: VT-CCM-TT-002 | X16: 10626-125 DG TN CẦU CỎ MAY | Y16: REV0 | Z16: NGUYEN SONG HUONG

Sheet Hao hut vat tu
A1: Thông Tin Dự Án | C1: =IF(LEN('List chi tiet'!$B$3)=0,"",'List chi tiet'!$B$3) -> 10626-125 | I1: Số Liệu Trung Bình Cho Dự Án | K1: =IF(LEN('List chi tiet'!$B$3)=0,"",'List chi tiet'!$B$3) -> 10626-125 | L1: ĐVT
A2: Project: | C2: =IF(LEN('List chi tiet'!$B$2)=0,"",'List chi tiet'!$B$2) -> 10626-125 DG TN CẦU CỎ MAY | I2: Tổng Thành Phẩm (Total Nesting) : | K2: =SUBTOTAL(109, F13:F99999) -> 95.1 | L2: kg
A3: Phase: | C3: =IF(LEN('List chi tiet'!$B$4)=0,"",'List chi tiet'!$B$4) -> TEST MẪU HÀN | I3: Tổng Tấm Mới Cấp Vào (New Plate) : | K3: =SUBTOTAL(109, D13:D99999) -> 0 | L3: kg
A4: OMS: | I4: Tổng Remain Cấp Vào (Remain In) : | K4: =SUBTOTAL(109, E13:E99999) -> 459.62 | L4: kg
A5: Nesting: | I5: Tổng Remain Sinh Ra (Remain Out): | K5: =SUBTOTAL(109, G13:G99999) -> 329.91 | L5: kg
A6: LSX: | C6: VT-CCM-TT-001 | I6: % Remain: | K6: =IF(K2=0,0,K5/K2) -> 3.4690852 | L6: %
A7: Rev: | B7: 0 | I7: Tổng tiêu hao: | K7: =SUBTOTAL(109, I13:I99999) -> 0.67 | L7: kg
A8: Date: | C8: 22/09/2026 | I8: Tổng Phế Liệu (Waste) : | K8: =SUBTOTAL(109, J13:J99999) -> 33.94 | L8: kg
I9: % Phế Liệu (% Waste) : | K9: =IF(K2=0,0,K8/K2) -> 0.35688749 | L9: %
I10: Hao Hụt: | K10: =IF(K2=0,0,(K7+K8)/K2) -> 0.3639327 | L10: %
A11: I. Số Liệu Chi Tiết Thép Tấm (Plate)
A12: STT | B12: DÀY | C12: Nesting No | D12: Tấm mới (New Plate) | E12: Remain Sử Dụng(In) | F12: Thành Phẩm | G12: Remain Sinh Ra(Out) | H12: %Remain | I12: Tiêu Hao (kg) | J12: Phế Liệu(Waste) | K12: %Phế Liệu | L12: %Hao Hụt | M12: LSX | N12: Lần B.Hành | O12: Hạng Mục | P12: TỔNG CHIỀU DÀI ĐƯỜNG CẮT | Q12: REV
A13: 1 | B13: PL6 | C13: VT-CCM-TT-001-TESTMH-Q355-SP6-001 | D13: 0 | E13: 487.2 | F13: 15.9 | G13: 469.69 | H13: =IF(D13+E13>0, G13/(D13+E13), 0) -> 0.96405993 | I13: =ROUND(F13*0.7/100, 2) -> 0.11 | J13: =MAX(ROUND(D13+E13-F13-G13-I13, 2), 0) -> 1.5 | K13: =IF(D13+E13>0, J13/(D13+E13), 0) -> 0.0030788177 | L13: =IF(F13>0, J13/F13, 0) -> 0.094339623 | M13: VT-CCM-TT-001 | N13: 1 | O13: TEST MẪU HÀN | P13: 11.25 | Q13: REV0
A14: 2 | B14: PL6 | C14: VT-CCM-TT-001-TESTMH-Q355-SP6-002 | D14: 0 | E14: 35.65 | F14: 26.49 | G14: 1.9 | H14: =IF(D14+E14>0, G14/(D14+E14), 0) -> 0.053295933 | I14: =ROUND(F14*0.7/100, 2) -> 0.19 | J14: =MAX(ROUND(D14+E14-F14-G14-I14, 2), 0) -> 7.07 | K14: =IF(D14+E14>0, J14/(D14+E14), 0) -> 0.19831697 | L14: =IF(F14>0, J14/F14, 0) -> 0.26689317 | M14: VT-CCM-TT-001 | N14: 1 | O14: TEST MẪU HÀN | P14: 18.75 | Q14: REV0
A15: 3 | B15: PL10 | C15: VT-CCM-TT-001-TESTMH-Q355-SP10-001 | D15: 0 | E15: 36.99 | F15: 14.72 | G15: 21.01 | H15: =IF(D15+E15>0, G15/(D15+E15), 0) -> 0.56799135 | I15: =ROUND(F15*0.7/100, 2) -> 0.1 | J15: =MAX(ROUND(D15+E15-F15-G15-I15, 2), 0) -> 1.16 | K15: =IF(D15+E15>0, J15/(D15+E15), 0) -> 0.031359827 | L15: =IF(F15>0, J15/F15, 0) -> 0.078804348 | M15: VT-CCM-TT-001 | N15: 1 | O15: TEST MẪU HÀN | P15: 5.75 | Q15: REV0
A16: 4 | B16: PL12 | C16: VT-CCM-TT-001-TESTMH-Q355-SP12-001 | D16: 0 | E16: 28.39 | F16: 21.43 | G16: 0 | H16: =IF(D16+E16>0, G16/(D16+E16), 0) -> 0 | I16: =ROUND(F16*0.7/100, 2) -> 0.15 | J16: =MAX(ROUND(D16+E16-F16-G16-I16, 2), 0) -> 6.81 | K16: =IF(D16+E16>0, J16/(D16+E16), 0) -> 0.23987319 | L16: =IF(F16>0, J16/F16, 0) -> 0.31777881 | M16: VT-CCM-TT-001 | N16: 1 | O16: TEST MẪU HÀN | P16: 18.2 | Q16: REV0
A17: 5 | B17: PL12 | C17: VT-CCM-TT-001-TESTMH-Q355-SP12-002 | D17: 0 | E17: 21.22 | F17: 9.18 | G17: 9.74 | H17: =IF(D17+E17>0, G17/(D17+E17), 0) -> 0.45900094 | I17: =ROUND(F17*0.7/100, 2) -> 0.06 | J17: =MAX(ROUND(D17+E17-F17-G17-I17, 2), 0) -> 2.24 | K17: =IF(D17+E17>0, J17/(D17+E17), 0) -> 0.10556079 | L17: =IF(F17>0, J17/F17, 0) -> 0.24400871 | M17: VT-CCM-TT-001 | N17: 1 | O17: TEST MẪU HÀN | P17: 7.8 | Q17: REV0
A18: 6 | B18: PL25 | C18: VT-CCM-TT-001-TESTMH-Q355-SP0-001 | D18: 0 | E18: 2544 | F18: 99.11 | G18: 2425.96 | H18: =IF(D18+E18>0, G18/(D18+E18), 0) -> 0.95360063 | I18: =ROUND(F18*0.7/100, 2) -> 0.69 | J18: =MAX(ROUND(D18+E18-F18-G18-I18, 2), 0) -> 18.24 | K18: =IF(D18+E18>0, J18/(D18+E18), 0) -> 0.0071698113 | L18: =IF(F18>0, J18/F18, 0) -> 0.18403794 | M18: VT-CCM-TT-001 | N18: 1 | O18: TEST MẪU HÀN | P18: 11.7 | Q18: REV0
A19: 7 | B19: PL25 | C19: VT-CCM-TT-001-TESTMH-Q355-SP25-002 | D19: 0 | E19: 108.99 | F19: 73.6 | G19: 14.8 | H19: =IF(D19+E19>0, G19/(D19+E19), 0) -> 0.13579227 | I19: =ROUND(F19*0.7/100, 2) -> 0.52 | J19: =MAX(ROUND(D19+E19-F19-G19-I19, 2), 0) -> 20.07 | K19: =IF(D19+E19>0, J19/(D19+E19), 0) -> 0.18414533 | L19: =IF(F19>0, J19/F19, 0) -> 0.27269022 | M19: VT-CCM-TT-001 | N19: 1 | O19: TEST MẪU HÀN | P19: 10.5 | Q19: REV0
A20: 8 | B20: PL25 | C20: VT-CCM-TT-001-TESTMH-Q355-SP25-003 | D20: 0 | E20: 262.18 | F20: 183.49 | G20: 57.59 | H20: =IF(D20+E20>0, G20/(D20+E20), 0) -> 0.21965825 | I20: =ROUND(F20*0.7/100, 2) -> 1.28 | J20: =MAX(ROUND(D20+E20-F20-G20-I20, 2), 0) -> 19.82 | K20: =IF(D20+E20>0, J20/(D20+E20), 0) -> 0.075596918 | L20: =IF(F20>0, J20/F20, 0) -> 0.10801679 | M20: VT-CCM-TT-001 | N20: 1 | O20: TEST MẪU HÀN | P20: 21.3 | Q20: REV0
A21: 9 | B21: PL25 | C21: VT-CCM-TT-001-TESTMH-Q355-SP25-004 | D21: 0 | E21: 158.76 | F21: 144.24 | G21: 0 | H21: =IF(D21+E21>0, G21/(D21+E21), 0) -> 0 | I21: =ROUND(F21*0.7/100, 2) -> 1.01 | J21: =MAX(ROUND(D21+E21-F21-G21-I21, 2), 0) -> 13.51 | K21: =IF(D21+E21>0, J21/(D21+E21), 0) -> 0.085097002 | L21: =IF(F21>0, J21/F21, 0) -> 0.093663339 | M21: VT-CCM-TT-001 | N21: 1 | O21: TEST MẪU HÀN | P21: 15.7 | Q21: REV0
A22: 10 | B22: PL25 | C22: VT-CCM-TT-001-TESTMH-Q355-SP25-005 | D22: 0 | E22: 79.39 | F22: 39.25 | G22: 35.68 | H22: =IF(D22+E22>0, G22/(D22+E22), 0) -> 0.44942688 | I22: =ROUND(F22*0.7/100, 2) -> 0.27 | J22: =MAX(ROUND(D22+E22-F22-G22-I22, 2), 0) -> 4.19 | K22: =IF(D22+E22>0, J22/(D22+E22), 0) -> 0.052777428 | L22: =IF(F22>0, J22/F22, 0) -> 0.10675159 | M22: VT-CCM-TT-001 | N22: 1 | O22: TEST MẪU HÀN | P22: 5.6 | Q22: REV0
A23: 11 | B23: PL25 | C23: VT-CCM-TT-001-TESTMH-Q355-SP25-006 | D23: 0 | E23: 59.3 | F23: 29.44 | G23: 26.39 | H23: =IF(D23+E23>0, G23/(D23+E23), 0) -> 0.4450253 | I23: =ROUND(F23*0.7/100, 2) -> 0.21 | J23: =MAX(ROUND(D23+E23-F23-G23-I23, 2), 0) -> 3.26 | K23: =IF(D23+E23>0, J23/(D23+E23), 0) -> 0.054974705 | L23: =IF(F23>0, J23/F23, 0) -> 0.1107337 | M23: VT-CCM-TT-001 | N23: 1 | O23: TEST MẪU HÀN | P23: 4.2 | Q23: REV0
A24: 1 | B24: PL12 | C24: VT-CCM-TT-002-TESTMH-S355J2+N-SP12-001 | D24: 0 | E24: 459.62 | F24: 95.1 | G24: 329.91 | H24: 0.71778861 | I24: 0.67 | J24: 33.94 | K24: 0.07384361 | L24: 0.35688749 | M24: VT-CCM-TT-002 | N24: 2 | O24: TEST MẪU HÀN

Sheet LSX-VT
A1: LỆNH SẢN XUẤT/ PRODUCTION ORDER
A3: CÔNG TRÌNH/ CONSTRUCTION: | C3: =IF(LEN('List chi tiet'!$B$2)=0,"",'List chi tiet'!$B$2) -> 10626-125 DG TN CẦU CỎ MAY
A4: LSX/ PRODUCTION ORDER : | C4: VT-CCM-TT-001
A5: Hạng mục/ Items: | C5: =IF(LEN('List chi tiet'!$B$4)=0,"",'List chi tiet'!$B$4) -> TEST MẪU HÀN
A6: Đơn vị gia công/ Processing unit: | C6: SC-VT1
A7: Lệnh xuất:
A8: Lệnh thu lỡ cỡ: | H8: =SUMPRODUCT(SUBTOTAL(109, OFFSET(H11, ROW(H11:H99999)-ROW(H11), 0)), (B11:B99999<>"") * (B11:B99999<>0)) -> 50 | I8: =SUMPRODUCT(SUBTOTAL(109, OFFSET(I11, ROW(I11:I99999)-ROW(I11), 0)), (B11:B99999<>"") * (B11:B99999<>0)) -> 95.1 | P8: =VALUE(SUMPRODUCT(SUBTOTAL(103,OFFSET(B11,ROW(B11:B99692)-MIN(ROW(B11:B99692)),,1)),--(B11:B99692<>""))) -> 1
A9: Lệnh Thu phế liệu:
A10: STT/ No. | B10: Tên/ mã số Name/code | C10: Dày/ Thickness | D10: Rộng/ Width | E10: Dài/ Length | F10: Mác thép/ Steel mark | G10: ĐVT/ Unit | H10: SL / Qty | I10: Khối lượng/ Weight (kg) | J10: ĐV CẮT | K10: Đơn Vị Gia Công | L10: Đơn Vị Nhận | M10: LSX | N10: Lưu ý | O10: Có Lỗ | P10: Hạng Mục | Q10: Cánh Bụng bản mã | R10: Nguyên Khổ | S10: Lỡ Cỡ | T10: Tận Dụng | U10: Chấn Bend | V10: Vát Mép | W10: Lần Ban Hành | X10: Ngày B.hành | Y10: Note | Z10: REV01 | AA10: REV02 | AB10: Mã Dự Án | AC10: NESTING | AD10: Nguồn Gốc Vật Tư
C11: Thép tấm lỡ cỡ cường độ Cao | D11: 12 | E11: 459.62 | F11: KG | K11: VT-10626-125-Z00-012 | L11: VT-CCM-TT-002 | M11: 10626-125 DG TN CẦU CỎ MAY | N11: 46063 | O11: NGUYEN SONG HUONG | P11: REV0 | R11: S355J2+N | S11: 0.67 | T11: 33.94 | U11: 329.91 | V11: 12x1500x3314 | Z11: REV0 | AB11: =IF(LEN('List chi tiet'!$B$3)=0,"",'List chi tiet'!$B$3) -> 10626-125 | AC11: VT-CCM-TT-001-TESTMH-Q355-SP6-001 | AD11: VT-HV-TT-060-SUPERTRUSS -X01-Q355-SP6-001
C12: Thép tấm lỡ cỡ cường độ Cao | D12: 12 | E12: -329.91 | F12: KG | K12: VT-10626-125-Z00-012.1 | L12: VT-CCM-TT-002 | M12: 10626-125 DG TN CẦU CỎ MAY | N12: 46063 | O12: NGUYEN SONG HUONG | P12: REV0 | R12: S355J2+N | Z12: REV0 | AB12: =IF(LEN('List chi tiet'!$B$3)=0,"",'List chi tiet'!$B$3) -> 10626-125 | AC12: VT-CCM-TT-001-TESTMH-Q355-SP6-002 | AD12: VT-HV-TT-064-SUPTRUSS -X01-Q355-SP6-001
A13: 3 | B13: PL10 | C13: 10 | D13: 75 | E13: 500 | F13: Q355 | G13: Pcs | H13: 5 | I13: 14.72 | J13: SC | K13: SC-VT1 | M13: VT-CCM-TT-001 | P13: =IF(LEN('List chi tiet'!$B$4)=0,"",'List chi tiet'!$B$4) -> TEST MẪU HÀN | Q13: TC | S13: X | W13: 1 | X13: 22/09/2026 | Z13: REV0 | AB13: =IF(LEN('List chi tiet'!$B$3)=0,"",'List chi tiet'!$B$3) -> 10626-125 | AC13: VT-CCM-TT-001-TESTMH-Q355-SP10-001 | AD13: VT-FD-TT-027-TESTMH -Q355-SP10-001
A14: 4 | B14: PL12 | C14: 12 | D14: 386 | E14: 722 | F14: Q355 | G14: Pcs | H14: 91 | I14: 21.43 | J14: SC | K14: SC-VT1 | M14: VT-CCM-TT-001 | P14: =IF(LEN('List chi tiet'!$B$4)=0,"",'List chi tiet'!$B$4) -> TEST MẪU HÀN | Q14: TC | S14: X | W14: 1 | X14: 22/09/2026 | Z14: REV0 | AB14: =IF(LEN('List chi tiet'!$B$3)=0,"",'List chi tiet'!$B$3) -> 10626-125 | AC14: VT-CCM-TT-001-TESTMH-Q355-SP12-001 | AD14: VT-CR-TT-019-TESTMH -Q355-SP12-003
A15: 5 | B15: PL12 | C15: 12 | D15: 50 | E15: 50 | F15: Q355 | G15: Pcs | H15: 39 | I15: 9.18 | J15: SC | K15: SC-VT1 | M15: VT-CCM-TT-001 | P15: =IF(LEN('List chi tiet'!$B$4)=0,"",'List chi tiet'!$B$4) -> TEST MẪU HÀN | Q15: TC | S15: X | W15: 1 | X15: 22/09/2026 | Z15: REV0 | AB15: =IF(LEN('List chi tiet'!$B$3)=0,"",'List chi tiet'!$B$3) -> 10626-125 | AC15: VT-CCM-TT-001-TESTMH-Q355-SP12-002 | AD15: VT-CR-TT-019-TESTMH -Q355-SP12-002
A16: 6 | B16: PL25_1-V | C16: 25 | D16: 100 | E16: 250 | F16: Q355 | G16: Pcs | H16: 13 | I16: 63.78 | J16: SC | K16: SC-VT1 | M16: VT-CCM-TT-001 | P16: =IF(LEN('List chi tiet'!$B$4)=0,"",'List chi tiet'!$B$4) -> TEST MẪU HÀN | Q16: TC | S16: X | V16: X | W16: 1 | X16: 22/09/2026 | Z16: REV0 | AB16: =IF(LEN('List chi tiet'!$B$3)=0,"",'List chi tiet'!$B$3) -> 10626-125 | AC16: VT-CCM-TT-001-TESTMH-Q355-SP0-001 | AD16: VT-S2-TT-079-PM(UT4-UT5) -Q355B-SP25-001
A17: 7 | B17: PL25_3-V | C17: 25 | D17: 200 | E17: 450 | F17: Q355 | G17: Pcs | H17: 2 | I17: 35.33 | J17: SC | K17: SC-VT1 | M17: VT-CCM-TT-001 | P17: =IF(LEN('List chi tiet'!$B$4)=0,"",'List chi tiet'!$B$4) -> TEST MẪU HÀN | Q17: TC | S17: X | V17: X | W17: 1 | X17: 22/09/2026 | Z17: REV0 | AB17: =IF(LEN('List chi tiet'!$B$3)=0,"",'List chi tiet'!$B$3) -> 10626-125 | AC17: VT-CCM-TT-001-TESTMH-Q355-SP0-001 | AD17: VT-S2-TT-079-PM(UT4-UT5) -Q355B-SP25-001
A18: 8 | B18: PL25_1-V | C18: 25 | D18: 100 | E18: 250 | F18: Q355 | G18: Pcs | H18: 4 | I18: 19.63 | J18: SC | K18: SC-VT1 | M18: VT-CCM-TT-001 | P18: =IF(LEN('List chi tiet'!$B$4)=0,"",'List chi tiet'!$B$4) -> TEST MẪU HÀN | Q18: TC | S18: X | V18: X | W18: 1 | X18: 22/09/2026 | Z18: REV0 | AB18: =IF(LEN('List chi tiet'!$B$3)=0,"",'List chi tiet'!$B$3) -> 10626-125 | AC18: VT-CCM-TT-001-TESTMH-Q355-SP25-002 | AD18: VT-HV-TT-060-SUPERTRUSS -X01-Q355-SP25-006_2
A19: 9 | B19: PL25_2-V | C19: 25 | D19: 100 | E19: 250 | F19: Q355 | G19: Pcs | H19: 11 | I19: 53.97 | J19: SC | K19: SC-VT1 | M19: VT-CCM-TT-001 | P19: =IF(LEN('List chi tiet'!$B$4)=0,"",'List chi tiet'!$B$4) -> TEST MẪU HÀN | Q19: TC | S19: X | V19: X | W19: 1 | X19: 22/09/2026 | Z19: REV0 | AB19: =IF(LEN('List chi tiet'!$B$3)=0,"",'List chi tiet'!$B$3) -> 10626-125 | AC19: VT-CCM-TT-001-TESTMH-Q355-SP25-002 | AD19: VT-HV-TT-060-SUPERTRUSS -X01-Q355-SP25-006_2
A20: 10 | B20: PL25_1-V | C20: 25 | D20: 100 | E20: 250 | F20: Q355 | G20: Pcs | H20: 23 | I20: 112.84 | J20: SC | K20: SC-VT1 | M20: VT-CCM-TT-001 | P20: =IF(LEN('List chi tiet'!$B$4)=0,"",'List chi tiet'!$B$4) -> TEST MẪU HÀN | Q20: TC | S20: X | V20: X | W20: 1 | X20: 22/09/2026 | Z20: REV0 | AB20: =IF(LEN('List chi tiet'!$B$3)=0,"",'List chi tiet'!$B$3) -> 10626-125 | AC20: VT-CCM-TT-001-TESTMH-Q355-SP25-003 | AD20: VT-HV-TT-061-SUPERTRUSS -X01-Q355-SP25-002
A21: 11 | B21: PL25_3-V | C21: 25 | D21: 200 | E21: 450 | F21: Q355 | G21: Pcs | H21: 3 | I21: 52.99 | J21: SC | K21: SC-VT1 | M21: VT-CCM-TT-001 | P21: =IF(LEN('List chi tiet'!$B$4)=0,"",'List chi tiet'!$B$4) -> TEST MẪU HÀN | Q21: TC | S21: X | V21: X | W21: 1 | X21: 22/09/2026 | Z21: REV0 | AB21: =IF(LEN('List chi tiet'!$B$3)=0,"",'List chi tiet'!$B$3) -> 10626-125 | AC21: VT-CCM-TT-001-TESTMH-Q355-SP25-003 | AD21: VT-HV-TT-061-SUPERTRUSS -X01-Q355-SP25-002
A22: 12 | B22: PL25_4-V | C22: 25 | D22: 200 | E22: 450 | F22: Q355 | G22: Pcs | H22: 1 | I22: 17.66 | J22: SC | K22: SC-VT1 | M22: VT-CCM-TT-001 | P22: =IF(LEN('List chi tiet'!$B$4)=0,"",'List chi tiet'!$B$4) -> TEST MẪU HÀN | Q22: TC | S22: X | V22: X | W22: 1 | X22: 22/09/2026 | Z22: REV0 | AB22: =IF(LEN('List chi tiet'!$B$3)=0,"",'List chi tiet'!$B$3) -> 10626-125 | AC22: VT-CCM-TT-001-TESTMH-Q355-SP25-003 | AD22: VT-HV-TT-061-SUPERTRUSS -X01-Q355-SP25-002
A23: 13 | B23: PL25_2-V | C23: 25 | D23: 100 | E23: 250 | F23: Q355 | G23: Pcs | H23: 15 | I23: 73.59 | J23: SC | K23: SC-VT1 | M23: VT-CCM-TT-001 | P23: =IF(LEN('List chi tiet'!$B$4)=0,"",'List chi tiet'!$B$4) -> TEST MẪU HÀN | Q23: TC | S23: X | V23: X | W23: 1 | X23: 22/09/2026 | Z23: REV0 | AB23: =IF(LEN('List chi tiet'!$B$3)=0,"",'List chi tiet'!$B$3) -> 10626-125 | AC23: VT-CCM-TT-001-TESTMH-Q355-SP25-004 | AD23: VT-HV-TT-064-SUPERTRUSS -X01-Q355-SP25-001_2
A24: 14 | B24: PL25_4-V | C24: 25 | D24: 200 | E24: 450 | F24: Q355 | G24: Pcs | H24: 4 | I24: 70.65 | J24: SC | K24: SC-VT1 | M24: VT-CCM-TT-001 | P24: =IF(LEN('List chi tiet'!$B$4)=0,"",'List chi tiet'!$B$4) -> TEST MẪU HÀN | Q24: TC | S24: X | V24: X | W24: 1 | X24: 22/09/2026 | Z24: REV0 | AB24: =IF(LEN('List chi tiet'!$B$3)=0,"",'List chi tiet'!$B$3) -> 10626-125 | AC24: VT-CCM-TT-001-TESTMH-Q355-SP25-004 | AD24: VT-HV-TT-064-SUPERTRUSS -X01-Q355-SP25-001_2
A25: 15 | B25: PL25_2-V | C25: 25 | D25: 100 | E25: 250 | F25: Q355 | G25: Pcs | H25: 8 | I25: 39.25 | J25: SC | K25: SC-VT1 | M25: VT-CCM-TT-001 | P25: =IF(LEN('List chi tiet'!$B$4)=0,"",'List chi tiet'!$B$4) -> TEST MẪU HÀN | Q25: TC | S25: X | V25: X | W25: 1 | X25: 22/09/2026 | Z25: REV0 | AB25: =IF(LEN('List chi tiet'!$B$3)=0,"",'List chi tiet'!$B$3) -> 10626-125 | AC25: VT-CCM-TT-001-TESTMH-Q355-SP25-005 | AD25: VT-CDB-TT-078-TEST_MAU -Q355-SP25-001
A26: 16 | B26: PL25_2-V | C26: 25 | D26: 100 | E26: 250 | F26: Q355 | G26: Pcs | H26: 6 | I26: 29.44 | J26: SC | K26: SC-VT1 | M26: VT-CCM-TT-001 | P26: =IF(LEN('List chi tiet'!$B$4)=0,"",'List chi tiet'!$B$4) -> TEST MẪU HÀN | Q26: TC | S26: X | V26: X | W26: 1 | X26: 22/09/2026 | Z26: REV0 | AB26: =IF(LEN('List chi tiet'!$B$3)=0,"",'List chi tiet'!$B$3) -> 10626-125 | AC26: VT-CCM-TT-001-TESTMH-Q355-SP25-006 | AD26: VT-HV-TT-064-SUPERTRUSS -X01-Q355-SP25-001_1
A27: 1 | B27: PL12 | C27: 12 | D27: 80.43 | E27: 300 | F27: S355J2+N | G27: Pcs | H27: 50 | I27: 95.1 | J27: SC | K27: SC-VT1 | M27: VT-CCM-TT-002 | P27: TEST MẪU HÀN | Q27: TC | S27: X | W27: 2 | X27: 46063 | Z27: REV0 | AB27: 10626-125 | AC27: VT-CCM-TT-002-TESTMH-S355J2+N-SP12-001 | AD27: VT-CR-TT-018-TESTMAUHAN -S355J2+N-SP12-001
