Workbook

Sheet List chi tiet
L1: LIST CHI TIẾT CẤU KIỆN
A2: Tên Công Trình: | B2: TCTN.DVT.26.007N-CẢI TẠO NỀN BÃI HRC
A3: Mã Dự Án: | B3: TCTN.DVT.26.007N
A4: Building No. : | B4: CÃI TẠO NỀN BÃI HRC | H4: =SUBTOTAL(9, H6:H10) -> 264 | J4: =SUBTOTAL(9, J6:J10) -> 557.1 | L4: =SUBTOTAL(3, L6:L10) -> 5
A5: STT | B5: Tên chi tiết | C5: Mác thép | D5: Quy.Cách.Part | E5: Dày | F5: Rộng | G5: Dài | H5: Qty | I5: KL chi tiết | J5: KL Tổng | K5: Quy Cách Vật Tư | L5: Số Nesting | M5: Cutting | N5: Khoan | O5: Chấn | P5: Vát mép | Q5: Lần-BH | R5: Ngày B.Hành | S5: Note | T5: REV01 | U5: REV02 | V5: Mã Dự Án | W5: TC | X5: BM | Y5: CB | Z5: Hạng Mục | AA5: Nguồn Gốc Vật Tư | AC5: NEST PAGE NO
A6: 1 | B6: LP1-CL1-C | C6: A572 | D6: PL3x77x250 | E6: 3 | F6: 77 | G6: 250 | H6: 128 | I6: 0.45 | J6: 58.03 | K6: PL3x1488x2042 | L6: VT-CTNBHRC-TT-001-A572-SP3-001 | O6: X | Q6: 1 | R6: 30/09/2026 | T6: REV0 | V6: =IF(LEN($B$3)=0,"",$B$3) -> TCTN.DVT.26.007N | Z6: =IF(LEN($B$4)=0,"",$B$4) -> CÃI TẠO NỀN BÃI HRC | AA6: TAN DUNG | AC6: VT-TCTN.DVT.26.007-Z01-001
A7: 2 | B7: BE1-W1 | C7: A572 | D7: PL8x376x543 | E7: 8 | F7: 376 | G7: 543 | H7: 4 | I7: 9.62 | J7: 38.47 | K7: PL8x758x1092 | L7: VT-CTNBHRC-TT-001-A572-SP8-001 | Q7: 1 | R7: 30/09/2026 | T7: REV0 | V7: =IF(LEN($B$3)=0,"",$B$3) -> TCTN.DVT.26.007N | Y7: X | Z7: =IF(LEN($B$4)=0,"",$B$4) -> CÃI TẠO NỀN BÃI HRC | AA7: TAN DUNG | AC7: VT-TCTN.DVT.26.007-Z01-002
A8: 3 | B8: LP2-PH1-K | C8: A572 | D8: PL12x120x250 | E8: 12 | F8: 120 | G8: 250 | H8: 120 | I8: 2.73 | J8: 327.1 | K8: PL12x1460x3485 | L8: VT-CTNBHRC-TT-001-A572-SP12-001 | N8: K | Q8: 1 | R8: 30/09/2026 | T8: REV0 | V8: =IF(LEN($B$3)=0,"",$B$3) -> TCTN.DVT.26.007N | X8: X | Z8: =IF(LEN($B$4)=0,"",$B$4) -> CÃI TẠO NỀN BÃI HRC | AA8: TAN DUNG | AC8: VT-TCTN.DVT.26.007-Z01-003
A9: 4 | B9: BE1-FL1 | C9: A572 | D9: PL12x200x543 | E9: 12 | F9: 200 | G9: 543 | H9: 8 | I9: 10.22 | J9: 81.8 | K9: PL12x1460x3485 | L9: VT-CTNBHRC-TT-001-A572-SP12-001 | Q9: 1 | R9: 30/09/2026 | T9: REV0 | V9: =IF(LEN($B$3)=0,"",$B$3) -> TCTN.DVT.26.007N | Y9: X | Z9: =IF(LEN($B$4)=0,"",$B$4) -> CÃI TẠO NỀN BÃI HRC | AA9: TAN DUNG | AC9: VT-TCTN.DVT.26.007-Z01-003
A10: 5 | B10: BE1-EP1-K | C10: A572 | D10: PL16x250x420 | E10: 16 | F10: 250 | G10: 420 | H10: 4 | I10: 12.92 | J10: 51.7 | K10: PL16x506x846 | L10: VT-CTNBHRC-TT-001-A572-SP16-001 | N10: K | Q10: 1 | R10: 30/09/2026 | T10: REV0 | V10: =IF(LEN($B$3)=0,"",$B$3) -> TCTN.DVT.26.007N | X10: X | Z10: =IF(LEN($B$4)=0,"",$B$4) -> CÃI TẠO NỀN BÃI HRC | AA10: TAN DUNG | AC10: VT-TCTN.DVT.26.007-Z01-004

Sheet Phieu vat tu
F1: Phiếu Yêu Cầu Vật Tư - VT-CTNBHRC-TT-001
M3: =SUBTOTAL(9, M5:M8) -> 4 | N3: =SUBTOTAL(9, N5:N8) -> 643.62 | P3: =SUBTOTAL(9, P5:P8) -> 557.1 | Q3: =SUBTOTAL(9, Q5:Q8) -> 0 | R3: =SUBTOTAL(9, R5:R8) -> 643.62 | S3: =SUBTOTAL(9, S5:S8) -> 0 | T3: =SUBTOTAL(9, T5:T8) -> 82.62
A4: No STT | B4: Project name Dự Án | C4: NESTING NO | D4: Phase Hạng Mục | E4: Type PCS | F4: Material Mác Thép | G4: Size Quy Cách | H4: Thickness (mm) | I4: Width (mm) | J4: Length (mm) | K4: Unit ĐVT | L4: KLR (Kg/m3) | M4: Qty S.Lượng | N4: Weight (kg) | O4: Nguồn Gốc Vật Tư | P4: Khối Lượng Thành Phẩm | Q4: Lệnh Xuất Vật Tư Nguyên Khổ (kg) | R4: Lệnh Xuất Remain (kg) | S4: Lệnh Thu Remain (kg) | T4: Lệnh Thu Phế Liệu (kg) | U4: Phế Liệu Tiêu Hao (Không Thu Hồi) (kg) | V4: Lần Ban Hành | W4: Lệnh Sản Xuất | Y4: REV | Z4: NGƯỜI BAN HÀNH
A5: 1 | B5: =IF(LEN('List chi tiet'!$B$3)=0,"",'List chi tiet'!$B$3) -> TCTN.DVT.26.007N | C5: VT-CTNBHRC-TT-001-A572-SP3-001 | D5: =IF(LEN('List chi tiet'!$B$4)=0,"",'List chi tiet'!$B$4) -> CÃI TẠO NỀN BÃI HRC | E5: PLATE | F5: A572 | G5: 3x1488x2042 | H5: 3 | I5: 1488 | J5: 2042 | K5: Pcs | M5: 1 | N5: 71.56 | O5: TAN DUNG | P5: 58.03 | Q5: =IF(O5="NEWPLATE", N5, "") | R5: =IF(O5<>"NEWPLATE", N5, "") -> 71.56 | T5: =MAX(ROUND(N5-P5-IF(S5="",0,S5)-U5, 2), 0) -> 13.12 | U5: =ROUND(P5*0.7/100, 2) -> 0.41 | V5: 1 | W5: VT-CTNBHRC-TT-001 | X5: =IF(LEN('List chi tiet'!$B$2)=0,"",'List chi tiet'!$B$2) -> TCTN.DVT.26.007N-CẢI TẠO NỀN BÃI HRC | Y5: REV0 | Z5: NGUYEN SONG HUONG
A6: 2 | B6: =IF(LEN('List chi tiet'!$B$3)=0,"",'List chi tiet'!$B$3) -> TCTN.DVT.26.007N | C6: VT-CTNBHRC-TT-001-A572-SP8-001 | D6: =IF(LEN('List chi tiet'!$B$4)=0,"",'List chi tiet'!$B$4) -> CÃI TẠO NỀN BÃI HRC | E6: PLATE | F6: A572 | G6: 8x758x1092 | H6: 8 | I6: 758 | J6: 1092 | K6: Pcs | M6: 1 | N6: 38.99 | O6: TAN DUNG | P6: 38.47 | Q6: =IF(O6="NEWPLATE", N6, "") | R6: =IF(O6<>"NEWPLATE", N6, "") -> 38.99 | T6: =MAX(ROUND(N6-P6-IF(S6="",0,S6)-U6, 2), 0) -> 0.25 | U6: =ROUND(P6*0.7/100, 2) -> 0.27 | V6: 1 | W6: VT-CTNBHRC-TT-001 | X6: =IF(LEN('List chi tiet'!$B$2)=0,"",'List chi tiet'!$B$2) -> TCTN.DVT.26.007N-CẢI TẠO NỀN BÃI HRC | Y6: REV0 | Z6: NGUYEN SONG HUONG
A7: 3 | B7: =IF(LEN('List chi tiet'!$B$3)=0,"",'List chi tiet'!$B$3) -> TCTN.DVT.26.007N | C7: VT-CTNBHRC-TT-001-A572-SP12-001 | D7: =IF(LEN('List chi tiet'!$B$4)=0,"",'List chi tiet'!$B$4) -> CÃI TẠO NỀN BÃI HRC | E7: PLATE | F7: A572 | G7: 12x1460x3485 | H7: 12 | I7: 1460 | J7: 3485 | K7: Pcs | M7: 1 | N7: 479.3 | O7: TAN DUNG | P7: 408.9 | Q7: =IF(O7="NEWPLATE", N7, "") | R7: =IF(O7<>"NEWPLATE", N7, "") -> 479.3 | T7: =MAX(ROUND(N7-P7-IF(S7="",0,S7)-U7, 2), 0) -> 67.54 | U7: =ROUND(P7*0.7/100, 2) -> 2.86 | V7: 1 | W7: VT-CTNBHRC-TT-001 | X7: =IF(LEN('List chi tiet'!$B$2)=0,"",'List chi tiet'!$B$2) -> TCTN.DVT.26.007N-CẢI TẠO NỀN BÃI HRC | Y7: REV0 | Z7: NGUYEN SONG HUONG
A8: 4 | B8: =IF(LEN('List chi tiet'!$B$3)=0,"",'List chi tiet'!$B$3) -> TCTN.DVT.26.007N | C8: VT-CTNBHRC-TT-001-A572-SP16-001 | D8: =IF(LEN('List chi tiet'!$B$4)=0,"",'List chi tiet'!$B$4) -> CÃI TẠO NỀN BÃI HRC | E8: PLATE | F8: A572 | G8: 16x506x846 | H8: 16 | I8: 506 | J8: 846 | K8: Pcs | M8: 1 | N8: 53.77 | O8: TAN DUNG | P8: 51.7 | Q8: =IF(O8="NEWPLATE", N8, "") | R8: =IF(O8<>"NEWPLATE", N8, "") -> 53.77 | T8: =MAX(ROUND(N8-P8-IF(S8="",0,S8)-U8, 2), 0) -> 1.71 | U8: =ROUND(P8*0.7/100, 2) -> 0.36 | V8: 1 | W8: VT-CTNBHRC-TT-001 | X8: =IF(LEN('List chi tiet'!$B$2)=0,"",'List chi tiet'!$B$2) -> TCTN.DVT.26.007N-CẢI TẠO NỀN BÃI HRC | Y8: REV0 | Z8: NGUYEN SONG HUONG

Sheet Hao hut vat tu
A1: Thông Tin Dự Án | C1: =IF(LEN('List chi tiet'!$B$3)=0,"",'List chi tiet'!$B$3) -> TCTN.DVT.26.007N | I1: Số Liệu Trung Bình Cho Dự Án | K1: =IF(LEN('List chi tiet'!$B$3)=0,"",'List chi tiet'!$B$3) -> TCTN.DVT.26.007N | L1: ĐVT
A2: Project: | C2: =IF(LEN('List chi tiet'!$B$2)=0,"",'List chi tiet'!$B$2) -> TCTN.DVT.26.007N-CẢI TẠO NỀN BÃI HRC | I2: Tổng Thành Phẩm (Total Nesting) : | K2: =F17 -> 557.1 | L2: kg
A3: Phase: | C3: =IF(LEN('List chi tiet'!$B$4)=0,"",'List chi tiet'!$B$4) -> CÃI TẠO NỀN BÃI HRC | I3: Tổng Tấm Mới Cấp Vào (New Plate) : | K3: =D17 -> 0 | L3: kg
A4: OMS: | I4: Tổng Remain Cấp Vào (Remain In) : | K4: =E17 -> 643.62 | L4: kg
A5: Nesting: | I5: Tổng Remain Sinh Ra (Remain Out): | K5: =G17 -> 0 | L5: kg
A6: LSX: | C6: VT-CTNBHRC-TT-001 | I6: % Remain: | K6: =H17 -> 0 | L6: %
A7: Rev: | B7: 0 | I7: Tổng tiêu hao: | K7: =I17 -> 3.9 | L7: kg
A8: Date: | C8: 30/09/2026 | I8: Tổng Phế Liệu (Waste) : | K8: =J17 -> 82.62 | L8: kg
I9: % Phế Liệu (% Waste) : | K9: =K17 -> 0.12836767 | L9: %
I10: Hao Hụt: | K10: =L17 -> 0.14830372 | L10: %
A11: I. Số Liệu Chi Tiết Thép Tấm (Plate)
A12: STT | B12: DÀY | C12: Nesting No | D12: Tấm mới (New Plate) | E12: Remain Sử Dụng(In) | F12: Thành Phẩm | G12: Remain Sinh Ra(Out) | H12: %Remain | I12: Tiêu Hao (kg) | J12: Phế Liệu(Waste) | K12: %Phế Liệu | L12: %Hao Hụt | M12: LSX | N12: Lần B.Hành | O12: Hạng Mục | P12: TỔNG CHIỀU DÀI ĐƯỜNG CẮT | Q12: REV
A13: 1 | B13: PL3 | C13: VT-CTNBHRC-TT-001-A572-SP3-001 | D13: 0 | E13: 71.56 | F13: 58.03 | G13: 0 | H13: =IF(D13+E13>0, G13/(D13+E13), 0) -> 0 | I13: =ROUND(F13*0.7/100, 2) -> 0.41 | J13: =MAX(ROUND(D13+E13-F13-G13-I13, 2), 0) -> 13.12 | K13: =IF(D13+E13>0, J13/(D13+E13), 0) -> 0.18334265 | L13: =IF(F13>0, J13/F13, 0) -> 0.22608995 | M13: VT-CTNBHRC-TT-001 | N13: 1 | O13: =IF(LEN('List chi tiet'!$B$4)=0,"",'List chi tiet'!$B$4) -> CÃI TẠO NỀN BÃI HRC | P13: 83.71 | Q13: REV0
A14: 2 | B14: PL8 | C14: VT-CTNBHRC-TT-001-A572-SP8-001 | D14: 0 | E14: 38.99 | F14: 38.47 | G14: 0 | H14: =IF(D14+E14>0, G14/(D14+E14), 0) -> 0 | I14: =ROUND(F14*0.7/100, 2) -> 0.27 | J14: =MAX(ROUND(D14+E14-F14-G14-I14, 2), 0) -> 0.25 | K14: =IF(D14+E14>0, J14/(D14+E14), 0) -> 0.0064119005 | L14: =IF(F14>0, J14/F14, 0) -> 0.0064985703 | M14: VT-CTNBHRC-TT-001 | N14: 1 | O14: =IF(LEN('List chi tiet'!$B$4)=0,"",'List chi tiet'!$B$4) -> CÃI TẠO NỀN BÃI HRC | P14: 7.35 | Q14: REV0
A15: 3 | B15: PL12 | C15: VT-CTNBHRC-TT-001-A572-SP12-001 | D15: 0 | E15: 479.3 | F15: 408.9 | G15: 0 | H15: =IF(D15+E15>0, G15/(D15+E15), 0) -> 0 | I15: =ROUND(F15*0.7/100, 2) -> 2.86 | J15: =MAX(ROUND(D15+E15-F15-G15-I15, 2), 0) -> 67.54 | K15: =IF(D15+E15>0, J15/(D15+E15), 0) -> 0.14091383 | L15: =IF(F15>0, J15/F15, 0) -> 0.16517486 | M15: VT-CTNBHRC-TT-001 | N15: 1 | O15: =IF(LEN('List chi tiet'!$B$4)=0,"",'List chi tiet'!$B$4) -> CÃI TẠO NỀN BÃI HRC | P15: 120.29 | Q15: REV0
A16: 4 | B16: PL16 | C16: VT-CTNBHRC-TT-001-A572-SP16-001 | D16: 0 | E16: 53.77 | F16: 51.7 | G16: 0 | H16: =IF(D16+E16>0, G16/(D16+E16), 0) -> 0 | I16: =ROUND(F16*0.7/100, 2) -> 0.36 | J16: =MAX(ROUND(D16+E16-F16-G16-I16, 2), 0) -> 1.71 | K16: =IF(D16+E16>0, J16/(D16+E16), 0) -> 0.03180212 | L16: =IF(F16>0, J16/F16, 0) -> 0.033075435 | M16: VT-CTNBHRC-TT-001 | N16: 1 | O16: =IF(LEN('List chi tiet'!$B$4)=0,"",'List chi tiet'!$B$4) -> CÃI TẠO NỀN BÃI HRC | P16: 6.67 | Q16: REV0
C17: Total | D17: =SUBTOTAL(9, D13:D16) -> 0 | E17: =SUBTOTAL(9, E13:E16) -> 643.62 | F17: =SUBTOTAL(9, F13:F16) -> 557.1 | G17: =SUBTOTAL(9, G13:G16) -> 0 | H17: =IF(D17+E17>0, G17/(D17+E17), 0) -> 0 | I17: =SUBTOTAL(9, I13:I16) -> 3.9 | J17: =SUBTOTAL(9, J13:J16) -> 82.62 | K17: =IF(D17+E17>0, J17/(D17+E17), 0) -> 0.12836767 | L17: =IF(F17>0, J17/F17, 0) -> 0.14830372 | M17: VT-CTNBHRC-TT-001 | N17: 1 | O17: =IF(LEN('List chi tiet'!$B$4)=0,"",'List chi tiet'!$B$4) -> CÃI TẠO NỀN BÃI HRC | P17: =SUBTOTAL(9, P13:P16) -> 218.02

Sheet LSX-VT
A1: LỆNH SẢN XUẤT/ PRODUCTION ORDER
A3: CÔNG TRÌNH/ CONSTRUCTION: | C3: =IF(LEN('List chi tiet'!$B$2)=0,"",'List chi tiet'!$B$2) -> TCTN.DVT.26.007N-CẢI TẠO NỀN BÃI HRC
A4: LSX/ PRODUCTION ORDER : | C4: VT-CTNBHRC-TT-001
A5: Hạng mục/ Items: | C5: =IF(LEN('List chi tiet'!$B$4)=0,"",'List chi tiet'!$B$4) -> CÃI TẠO NỀN BÃI HRC
A6: Đơn vị gia công/ Processing unit: | C6: SC-VT1
A7: Lệnh xuất:
A8: Lệnh thu lỡ cỡ: | H8: =SUBTOTAL(9, H11:H15) -> 264 | I8: =SUBTOTAL(9, I11:I15) -> 557.1
A9: Lệnh Thu phế liệu:
A10: STT/ No. | B10: Tên/ mã số Name/code | C10: Dày/ Thickness | D10: Rộng/ Width | E10: Dài/ Length | F10: Mác thép/ Steel mark | G10: ĐVT/ Unit | H10: SL / Qty | I10: Khối lượng/ Weight (kg) | J10: ĐV CẮT | K10: Đơn Vị Gia Công | L10: Đơn Vị Nhận | M10: LSX | N10: Lưu ý | O10: Có Lỗ | P10: Hạng Mục | Q10: Cánh Bụng bản mã | R10: Nguyên Khổ | S10: Lỡ Cỡ | T10: Tận Dụng | U10: Chấn Bend | V10: Vát Mép | W10: Lần Ban Hành | X10: Ngày B.hành | Y10: Note | Z10: REV01 | AA10: REV02 | AB10: Mã Dự Án | AC10: NESTING | AD10: Nguồn Gốc Vật Tư
A11: 1 | B11: LP1-CL1-C | C11: 3 | D11: 77 | E11: 250 | F11: A572 | G11: Pcs | H11: 128 | I11: 58.03 | J11: SC | K11: SC-VT1 | M11: VT-CTNBHRC-TT-001 | P11: =IF(LEN('List chi tiet'!$B$4)=0,"",'List chi tiet'!$B$4) -> CÃI TẠO NỀN BÃI HRC | S11: X | U11: X | W11: 1 | X11: 30/09/2026 | Z11: REV0 | AB11: =IF(LEN('List chi tiet'!$B$3)=0,"",'List chi tiet'!$B$3) -> TCTN.DVT.26.007N | AC11: VT-CTNBHRC-TT-001-A572-SP3-001 | AD11: TAN DUNG
A12: 2 | B12: BE1-W1 | C12: 8 | D12: 376 | E12: 543 | F12: A572 | G12: Pcs | H12: 4 | I12: 38.47 | J12: SC | K12: SC-VT1 | M12: VT-CTNBHRC-TT-001 | P12: =IF(LEN('List chi tiet'!$B$4)=0,"",'List chi tiet'!$B$4) -> CÃI TẠO NỀN BÃI HRC | Q12: CB | S12: X | W12: 1 | X12: 30/09/2026 | Z12: REV0 | AB12: =IF(LEN('List chi tiet'!$B$3)=0,"",'List chi tiet'!$B$3) -> TCTN.DVT.26.007N | AC12: VT-CTNBHRC-TT-001-A572-SP8-001 | AD12: TAN DUNG
A13: 3 | B13: LP2-PH1-K | C13: 12 | D13: 120 | E13: 250 | F13: A572 | G13: Pcs | H13: 120 | I13: 327.1 | J13: SC | K13: SC-VT1 | M13: VT-CTNBHRC-TT-001 | O13: K | P13: =IF(LEN('List chi tiet'!$B$4)=0,"",'List chi tiet'!$B$4) -> CÃI TẠO NỀN BÃI HRC | Q13: BM | S13: X | W13: 1 | X13: 30/09/2026 | Z13: REV0 | AB13: =IF(LEN('List chi tiet'!$B$3)=0,"",'List chi tiet'!$B$3) -> TCTN.DVT.26.007N | AC13: VT-CTNBHRC-TT-001-A572-SP12-001 | AD13: TAN DUNG
A14: 4 | B14: BE1-FL1 | C14: 12 | D14: 200 | E14: 543 | F14: A572 | G14: Pcs | H14: 8 | I14: 81.8 | J14: SC | K14: SC-VT1 | M14: VT-CTNBHRC-TT-001 | P14: =IF(LEN('List chi tiet'!$B$4)=0,"",'List chi tiet'!$B$4) -> CÃI TẠO NỀN BÃI HRC | Q14: CB | S14: X | W14: 1 | X14: 30/09/2026 | Z14: REV0 | AB14: =IF(LEN('List chi tiet'!$B$3)=0,"",'List chi tiet'!$B$3) -> TCTN.DVT.26.007N | AC14: VT-CTNBHRC-TT-001-A572-SP12-001 | AD14: TAN DUNG
A15: 5 | B15: BE1-EP1-K | C15: 16 | D15: 250 | E15: 420 | F15: A572 | G15: Pcs | H15: 4 | I15: 51.7 | J15: SC | K15: SC-VT1 | M15: VT-CTNBHRC-TT-001 | O15: K | P15: =IF(LEN('List chi tiet'!$B$4)=0,"",'List chi tiet'!$B$4) -> CÃI TẠO NỀN BÃI HRC | Q15: BM | S15: X | W15: 1 | X15: 30/09/2026 | Z15: REV0 | AB15: =IF(LEN('List chi tiet'!$B$3)=0,"",'List chi tiet'!$B$3) -> TCTN.DVT.26.007N | AC15: VT-CTNBHRC-TT-001-A572-SP16-001 | AD15: TAN DUNG

Sheet SAP
A1: Lệnh cấp phát và thu hồi VT Prd Order ZP02 (*) | B1: Mã vật tư (*) | C1: Tên vật tư | D1: Lô | E1: KL yêu cầu xuất kho/ thu hồi (*) | F1: ĐVT | G1: Nhà máy xuất (*) | H1: Kho xuất (*) | I1: Đã hoàn thành cấp/ thu hồi (Chỉ khai báo nếu chọn phương án thu thập KL đã xuất/ thu hồi) | J1: Xưởng nhận (*) | K1: "Mã sơ đồ cắt Cutting Plan (*)" | L1: Lệnh sản xuất | M1: Dự án | N1: Ngày Up SDC | O1: Người Up SDC | P1: REV | Q1: Tồn Thép | R1: Mác Thép | S1: Hao hụt đường cắt Scrap | T1: KL phế liệu thu hồi By - Product | U1: Khối lượng lỡ cỡ phải thu hồi Off - cut GI | V1: GHI CHÚ | W1: Tình Trạng | X1: Bom item | Y1: SCVT1
C2: Thép tấm lỡ cỡ cường độ Cao | D2: 3 | E2: 71.56 | F2: KG | K2: VT-TCTN.DVT.26.007-Z01-001 | L2: VT-CTNBHRC-TT-001 | M2: =IF(LEN('List chi tiet'!$B$2)=0,"",'List chi tiet'!$B$2) -> TCTN.DVT.26.007N-CẢI TẠO NỀN BÃI HRC | N2: 30/09/2026 | O2: NGUYEN SONG HUONG | P2: REV0 | R2: A572 | S2: 0.41 | T2: 13.12 | U2: 0 | V2: 3x1488x2042
C3: Thép tấm lỡ cỡ cường độ Cao | D3: 8 | E3: 38.99 | F3: KG | K3: VT-TCTN.DVT.26.007-Z01-002 | L3: VT-CTNBHRC-TT-001 | M3: =IF(LEN('List chi tiet'!$B$2)=0,"",'List chi tiet'!$B$2) -> TCTN.DVT.26.007N-CẢI TẠO NỀN BÃI HRC | N3: 30/09/2026 | O3: NGUYEN SONG HUONG | P3: REV0 | R3: A572 | S3: 0.27 | T3: 0.25 | U3: 0 | V3: 8x758x1092
C4: Thép tấm lỡ cỡ cường độ Cao | D4: 12 | E4: 479.3 | F4: KG | K4: VT-TCTN.DVT.26.007-Z01-003 | L4: VT-CTNBHRC-TT-001 | M4: =IF(LEN('List chi tiet'!$B$2)=0,"",'List chi tiet'!$B$2) -> TCTN.DVT.26.007N-CẢI TẠO NỀN BÃI HRC | N4: 30/09/2026 | O4: NGUYEN SONG HUONG | P4: REV0 | R4: A572 | S4: 2.86 | T4: 67.54 | U4: 0 | V4: 12x1460x3485
C5: Thép tấm lỡ cỡ cường độ Cao | D5: 16 | E5: 53.77 | F5: KG | K5: VT-TCTN.DVT.26.007-Z01-004 | L5: VT-CTNBHRC-TT-001 | M5: =IF(LEN('List chi tiet'!$B$2)=0,"",'List chi tiet'!$B$2) -> TCTN.DVT.26.007N-CẢI TẠO NỀN BÃI HRC | N5: 30/09/2026 | O5: NGUYEN SONG HUONG | P5: REV0 | R5: A572 | S5: 0.36 | T5: 1.71 | U5: 0 | V5: 16x506x846
