Workbook

Sheet List chi tiet
A2: Tên Công Trình: | B2: 10626-051 DG SÂN VẬN ĐỘNG HÙNG VƯƠNG | L2: LIST CHI TIẾT CẤU KIỆN
A3: Mã Dự Án: | B3: =INDEX(V6:V100041, MATCH(1, INDEX(SUBTOTAL(3, OFFSET(V6, ROW(V6:V100041)-ROW(V6), 0)), 0), 0)) -> 10626-051
A4: Building No. : | B4: =INDEX(Z6:Z99999, MATCH(1, INDEX(SUBTOTAL(3, OFFSET(Z6, ROW(Z6:Z99999)-ROW(Z6), 0)), 0), 0)) -> GIAN NANG 3A-UT1 | G4: =SUMPRODUCT(G6:G99999, H6:H99999, SUBTOTAL(103, OFFSET(G6, ROW(G6:G99999)-ROW(G6), 0))) -> 1905201.2 | H4: =SUMPRODUCT(SUBTOTAL(109, OFFSET(H6, ROW(H6:H99995)-ROW(H6), 0)), (B6:B99995<>"") * (B6:B99995<>0)) -> 1306 | J4: =SUMPRODUCT(SUBTOTAL(109, OFFSET(J6, ROW(J6:J99995)-ROW(J6), 0)), (B6:B99995<>"") * (B6:B99995<>0)) -> 150089.75 | L4: =SUMPRODUCT(SUBTOTAL(103, OFFSET(B6, ROW(B6:B99996)-ROW(B6), 0))) -> 436
A5: STT | B5: Tên chi tiết | C5: Mác thép | D5: Quy.Cách.Part | E5: Dày | F5: Rộng | G5: Dài | H5: Qty | I5: KL chi tiết | J5: KL Tổng | K5: Quy Cách Vật Tư | L5: Số Nesting | M5: Cutting | N5: Khoan | O5: Chấn | P5: Vát mép | Q5: Lần-BH | R5: Ngày B.Hành | S5: Note | T5: REV01 | U5: REV02 | V5: Mã Dự Án | W5: TC | X5: BM | Y5: CB | Z5: Hạng Mục | AA5: Nguồn Gốc Vật Tư | AB5: =$B$2 -> 10626-051 DG SÂN VẬN ĐỘNG HÙNG VƯƠNG
A6: 1 | B6: BA1 | C6: Q355 | D6: PL25x80x12000 | E6: 25 | F6: 80 | G6: 12000 | H6: 12 | I6: 188.4 | J6: 2260.8 | K6: PL25x2200x12000 | L6: VT-HV-TT-001-CHANPINX30/Y21-Y22-Q355-SP25-001 | Q6: 1 | R6: 06/07/2026 | T6: REV01 | V6: 10626-051 | Z6: PIN MB1 PIN2 (X30/Y21-Y22) | AA6: NEWPLATE
A7: 2 | B7: BA2 | C7: Q355 | D7: PL25x50x12000 | E7: 25 | F7: 50 | G7: 12000 | H7: 1 | I7: 117.75 | J7: 117.75 | K7: PL25x2200x12000 | L7: VT-HV-TT-001-CHANPINX30/Y21-Y22-Q355-SP25-001 | Q7: 1 | R7: 06/07/2026 | T7: REV01 | V7: 10626-051 | Z7: PIN MB1 PIN2 (X30/Y21-Y22) | AA7: NEWPLATE
A8: 3 | B8: LP1-0002-Z1-PH1-0038-K | C8: Q355 | D8: PL30x180x800 | E8: 30 | F8: 180 | G8: 800 | H8: 77 | I8: 31.49 | J8: 2425.11 | K8: PL30x2000x12000 | L8: VT-HV-TT-001-CHANPINX30/Y21-Y22-Q355-SP30-001 | N8: K | Q8: 1 | R8: 06/07/2026 | V8: 10626-051 | X8: X | Z8: PIN MB1 PIN2 (X30/Y21-Y22) | AA8: NEWPLATE
A9: 4 | B9: PIN1-0022-Z1-PH1-0037-K | C9: Q355 | D9: PL30x230x300 | E9: 30 | F9: 230 | G9: 300 | H9: 52 | I9: 15.04 | J9: 782.13 | K9: PL30x2000x12000 | L9: VT-HV-TT-001-CHANPINX30/Y21-Y22-Q355-SP30-001 | N9: K | Q9: 1 | R9: 06/07/2026 | V9: 10626-051 | X9: X | Z9: PIN MB1 PIN2 (X30/Y21-Y22) | AA9: NEWPLATE
A10: 5 | B10: PIN1-0017-Z1-PH1-0037-K | C10: Q355 | D10: PL30x230x300 | E10: 30 | F10: 230 | G10: 300 | H10: 52 | I10: 15.04 | J10: 782.13 | K10: PL30x2000x12000 | L10: VT-HV-TT-001-CHANPINX30/Y21-Y22-Q355-SP30-001 | N10: K | Q10: 1 | R10: 06/07/2026 | V10: 10626-051 | X10: X | Z10: PIN MB1 PIN2 (X30/Y21-Y22) | AA10: NEWPLATE
A11: 6 | B11: BRP1-0013-Z1-PH1-0037-K | C11: Q355 | D11: PL30x230x300 | E11: 30 | F11: 230 | G11: 300 | H11: 6 | I11: 15.04 | J11: 90.25 | K11: PL30x2000x12000 | L11: VT-HV-TT-001-CHANPINX30/Y21-Y22-Q355-SP30-001 | N11: K | Q11: 1 | R11: 06/07/2026 | V11: 10626-051 | X11: X | Z11: PIN MB1 PIN2 (X30/Y21-Y22) | AA11: NEWPLATE
A12: 7 | B12: PIN1-0021-Z1-PH1-0037-K | C12: Q355 | D12: PL30x230x300 | E12: 30 | F12: 230 | G12: 300 | H12: 32 | I12: 15.04 | J12: 481.31 | K12: PL30x2000x12000 | L12: VT-HV-TT-001-CHANPINX30/Y21-Y22-Q355-SP30-001 | N12: K | Q12: 1 | R12: 06/07/2026 | V12: 10626-051 | X12: X | Z12: PIN MB1 PIN2 (X30/Y21-Y22) | AA12: NEWPLATE
A13: 8 | B13: PIN1-0019-Z1-PH1-0037-K | C13: Q355 | D13: PL30x230x300 | E13: 30 | F13: 230 | G13: 300 | H13: 31 | I13: 15.04 | J13: 466.27 | K13: PL30x2000x12000 | L13: VT-HV-TT-001-CHANPINX30/Y21-Y22-Q355-SP30-001 | N13: K | Q13: 1 | R13: 06/07/2026 | V13: 10626-051 | X13: X | Z13: PIN MB1 PIN2 (X30/Y21-Y22) | AA13: NEWPLATE
A14: 9 | B14: LP1-0002-Z1-PH1-0038-K | C14: Q355 | D14: PL30x180x800 | E14: 30 | F14: 180 | G14: 800 | H14: 87 | I14: 31.49 | J14: 2740.06 | K14: PL30x2000x12000 | L14: VT-HV-TT-001-CHANPINX30/Y21-Y22-Q355-SP30-002 | N14: K | Q14: 1 | R14: 06/07/2026 | V14: 10626-051 | X14: X | Z14: PIN MB1 PIN2 (X30/Y21-Y22) | AA14: NEWPLATE
A15: 10 | B15: PIN1-0019-Z1-PH1-0037-K | C15: Q355 | D15: PL30x230x300 | E15: 30 | F15: 230 | G15: 300 | H15: 1 | I15: 15.04 | J15: 15.04 | K15: PL30x2000x12000 | L15: VT-HV-TT-001-CHANPINX30/Y21-Y22-Q355-SP30-002 | N15: K | Q15: 1 | R15: 06/07/2026 | V15: 10626-051 | X15: X | Z15: PIN MB1 PIN2 (X30/Y21-Y22) | AA15: NEWPLATE
A16: 11 | B16: BRP1-0007-Z1-PH1-0037-K | C16: Q355 | D16: PL30x230x300 | E16: 30 | F16: 230 | G16: 300 | H16: 48 | I16: 15.04 | J16: 721.97 | K16: PL30x2000x12000 | L16: VT-HV-TT-001-CHANPINX30/Y21-Y22-Q355-SP30-002 | N16: K | Q16: 1 | R16: 06/07/2026 | V16: 10626-051 | X16: X | Z16: PIN MB1 PIN2 (X30/Y21-Y22) | AA16: NEWPLATE
A17: 12 | B17: BRP1-0005-Z1-PH1-0037-K | C17: Q355 | D17: PL30x230x300 | E17: 30 | F17: 230 | G17: 300 | H17: 24 | I17: 15.04 | J17: 360.98 | K17: PL30x2000x12000 | L17: VT-HV-TT-001-CHANPINX30/Y21-Y22-Q355-SP30-002 | N17: K | Q17: 1 | R17: 06/07/2026 | V17: 10626-051 | X17: X | Z17: PIN MB1 PIN2 (X30/Y21-Y22) | AA17: NEWPLATE
A18: 13 | B18: BRP1-0003-Z1-PH1-0037-K | C18: Q355 | D18: PL30x230x300 | E18: 30 | F18: 230 | G18: 300 | H18: 24 | I18: 15.04 | J18: 360.98 | K18: PL30x2000x12000 | L18: VT-HV-TT-001-CHANPINX30/Y21-Y22-Q355-SP30-002 | N18: K | Q18: 1 | R18: 06/07/2026 | V18: 10626-051 | X18: X | Z18: PIN MB1 PIN2 (X30/Y21-Y22) | AA18: NEWPLATE
A19: 14 | B19: BRP1-0012-Z1-PH1-0037-K | C19: Q355 | D19: PL30x230x300 | E19: 30 | F19: 230 | G19: 300 | H19: 24 | I19: 15.04 | J19: 360.98 | K19: PL30x2000x12000 | L19: VT-HV-TT-001-CHANPINX30/Y21-Y22-Q355-SP30-002 | N19: K | Q19: 1 | R19: 06/07/2026 | V19: 10626-051 | X19: X | Z19: PIN MB1 PIN2 (X30/Y21-Y22) | AA19: NEWPLATE
... A28: 23 | B28: PIN1-0022-Z1-PH1-0042-K | C28: Q355 | D28: PL40x230x300 | E28: 40 | F28: 230 | G28: 300 | H28: 8 | I28: 20.06 | J28: 160.44 | K28: PL40x2500x12000 | L28: VT-HV-TT-001-CHANPINX30/Y21-Y22-Q355-SP40-001 | N28: K | Q28: 1 | R28: 06/07/2026 | V28: 10626-051 | X28: X | Z28: PIN MB1 PIN2 (X30/Y21-Y22) | AA28: NEWPLATE
A29: 24 | B29: BRP1-0001-Z1-PL1-0036 | C29: Q355B | D29: PL80x260x436 | E29: 80 | F29: 260 | G29: 436 | H29: 1 | I29: 69.98 | J29: 69.98 | K29: PL80x2750x12000 | L29: VT-HV-TT-001-CHANPINX30/Y21-Y22-Q355-SP80-001 | Q29: 1 | R29: 06/07/2026 | T29: REV01 | V29: 10626-051 | W29: X | Z29: PIN MB1 PIN2 (X30/Y21-Y22) | AA29: NEWPLATE
A30: 25 | B30: LPP1-0011-Z1-PLP1-0001-V | C30: Q355B | D30: PL80x180x500 | E30: 80 | F30: 180 | G30: 500 | H30: 2 | I30: 42.1 | J30: 84.2 | K30: PL80x2750x12000 | L30: VT-HV-TT-001-CHANPINX30/Y21-Y22-Q355-SP80-001 | P30: X | Q30: 1 | R30: 06/07/2026 | T30: REV01 | V30: 10626-051 | W30: X | Z30: PIN MB1 PIN2 (X30/Y21-Y22) | AA30: NEWPLATE
A31: 26 | B31: PIN1-0021-Z1-PL1-0008 | C31: Q355B | D31: PL80x180x500 | E31: 80 | F31: 180 | G31: 500 | H31: 1 | I31: 42.1 | J31: 42.1 | K31: PL80x2750x12000 | L31: VT-HV-TT-001-CHANPINX30/Y21-Y22-Q355-SP80-001 | Q31: 1 | R31: 06/07/2026 | T31: REV01 | V31: 10626-051 | W31: X | Z31: PIN MB1 PIN2 (X30/Y21-Y22) | AA31: NEWPLATE
A32: 27 | B32: PIN1-0021-Z1-PL1-0041 | C32: Q355B | D32: PL80x400x800 | E32: 80 | F32: 400 | G32: 800 | H32: 1 | I32: 200.96 | J32: 200.96 | K32: PL80x2750x12000 | L32: VT-HV-TT-001-CHANPINX30/Y21-Y22-Q355-SP80-001 | Q32: 1 | R32: 06/07/2026 | T32: REV01 | V32: 10626-051 | W32: X | Z32: PIN MB1 PIN2 (X30/Y21-Y22) | AA32: NEWPLATE
A33: 28 | B33: PIN1-0022-Z1-FL1-0029-V | C33: Q355B | D33: PL80x600x958 | E33: 80 | F33: 600 | G33: 958 | H33: 2 | I33: 360.98 | J33: 721.95 | K33: PL80x2750x12000 | L33: VT-HV-TT-001-CHANPINX30/Y21-Y22-Q355-SP80-001 | P33: X | Q33: 1 | R33: 06/07/2026 | T33: REV01 | V33: 10626-051 | Y33: X | Z33: PIN MB1 PIN2 (X30/Y21-Y22) | AA33: NEWPLATE
A34: 29 | B34: PIN1-0022-Z1-FL1-0032-V | C34: Q355B | D34: PL80x600x1413 | E34: 80 | F34: 600 | G34: 1413 | H34: 2 | I34: 532.42 | J34: 1064.84 | K34: PL80x2750x12000 | L34: VT-HV-TT-001-CHANPINX30/Y21-Y22-Q355-SP80-001 | P34: X | Q34: 1 | R34: 06/07/2026 | T34: REV01 | V34: 10626-051 | Y34: X | Z34: PIN MB1 PIN2 (X30/Y21-Y22) | AA34: NEWPLATE
A35: 30 | B35: PIN1-0022-Z1-PL1-0008 | C35: Q355B | D35: PL80x180x500 | E35: 80 | F35: 180 | G35: 500 | H35: 1 | I35: 42.1 | J35: 42.1 | K35: PL80x2750x12000 | L35: VT-HV-TT-001-CHANPINX30/Y21-Y22-Q355-SP80-001 | Q35: 1 | R35: 06/07/2026 | T35: REV01 | V35: 10626-051 | W35: X | Z35: PIN MB1 PIN2 (X30/Y21-Y22) | AA35: NEWPLATE
A36: 31 | B36: PIN1-0022-Z1-PL1-0017 | C36: Q355B | D36: PL80x350x2200 | E36: 80 | F36: 350 | G36: 2200 | H36: 5 | I36: 454.07 | J36: 2270.33 | K36: PL80x2750x12000 | L36: VT-HV-TT-001-CHANPINX30/Y21-Y22-Q355-SP80-001 | Q36: 1 | R36: 06/07/2026 | T36: REV01 | V36: 10626-051 | W36: X | Z36: PIN MB1 PIN2 (X30/Y21-Y22) | AA36: NEWPLATE
A37: 32 | B37: PIN1-0022-Z1-PL1-0033 | C37: Q355B | D37: PL80x500x1396 | E37: 80 | F37: 500 | G37: 1396 | H37: 2 | I37: 438.34 | J37: 876.69 | K37: PL80x2750x12000 | L37: VT-HV-TT-001-CHANPINX30/Y21-Y22-Q355-SP80-001 | Q37: 1 | R37: 06/07/2026 | T37: REV01 | V37: 10626-051 | W37: X | Z37: PIN MB1 PIN2 (X30/Y21-Y22) | AA37: NEWPLATE
A38: 33 | B38: PIN1-0022-Z1-PL1-0045 | C38: Q355B | D38: PL80x1007x2200 | E38: 80 | F38: 1007 | G38: 2200 | H38: 3 | I38: 1258.16 | J38: 3774.47 | K38: PL80x2750x12000 | L38: VT-HV-TT-001-CHANPINX30/Y21-Y22-Q355-SP80-001 | Q38: 1 | R38: 06/07/2026 | T38: REV01 | V38: 10626-051 | W38: X | Z38: PIN MB1 PIN2 (X30/Y21-Y22) | AA38: NEWPLATE
A39: 34 | B39: PIN1-0022-Z1-PL1-0046 | C39: Q355B | D39: PL80x400x600 | E39: 80 | F39: 400 | G39: 600 | H39: 1 | I39: 150.72 | J39: 150.72 | K39: PL80x2750x12000 | L39: VT-HV-TT-001-CHANPINX30/Y21-Y22-Q355-SP80-001 | Q39: 1 | R39: 06/07/2026 | T39: REV01 | V39: 10626-051 | W39: X | Z39: PIN MB1 PIN2 (X30/Y21-Y22) | AA39: NEWPLATE
A40: 35 | B40: PIN1-0022-Z1-PL1-0047 | C40: Q355B | D40: PL80x400x927 | E40: 80 | F40: 400 | G40: 927 | H40: 1 | I40: 227.93 | J40: 227.93 | K40: PL80x2750x12000 | L40: VT-HV-TT-001-CHANPINX30/Y21-Y22-Q355-SP80-001 | Q40: 1 | R40: 06/07/2026 | T40: REV01 | V40: 10626-051 | W40: X | Z40: PIN MB1 PIN2 (X30/Y21-Y22) | AA40: NEWPLATE
A41: 36 | B41: PIN1-0022-Z1-PL1-0078 | C41: Q355B | D41: PL80x790x2200 | E41: 80 | F41: 790 | G41: 2200 | H41: 3 | I41: 1061.97 | J41: 3185.91 | K41: PL80x2750x12000 | L41: VT-HV-TT-001-CHANPINX30/Y21-Y22-Q355-SP80-001 | Q41: 1 | R41: 06/07/2026 | T41: REV01 | V41: 10626-051 | W41: X | Z41: PIN MB1 PIN2 (X30/Y21-Y22) | AA41: NEWPLATE
A42: 37 | B42: PIN1-0022-Z1-PL1-0079 | C42: Q355B | D42: PL80x400x790 | E42: 80 | F42: 400 | G42: 790 | H42: 1 | I42: 195.98 | J42: 195.98 | K42: PL80x2750x12000 | L42: VT-HV-TT-001-CHANPINX30/Y21-Y22-Q355-SP80-001 | Q42: 1 | R42: 06/07/2026 | T42: REV01 | V42: 10626-051 | W42: X | Z42: PIN MB1 PIN2 (X30/Y21-Y22) | AA42: NEWPLATE
A43: 38 | B43: PIN1-0022-Z1-PL1-0080 | C43: Q355B | D43: PL80x600x790 | E43: 80 | F43: 600 | G43: 790 | H43: 1 | I43: 268.18 | J43: 268.18 | K43: PL80x2750x12000 | L43: VT-HV-TT-001-CHANPINX30/Y21-Y22-Q355-SP80-001 | Q43: 1 | R43: 06/07/2026 | T43: REV01 | V43: 10626-051 | W43: X | Z43: PIN MB1 PIN2 (X30/Y21-Y22) | AA43: NEWPLATE
A44: 39 | B44: PIN1-0022-Z1-PL1-0082 | C44: Q355B | D44: PL80x350x400 | E44: 80 | F44: 350 | G44: 400 | H44: 1 | I44: 85.45 | J44: 85.45 | K44: PL80x2750x12000 | L44: VT-HV-TT-001-CHANPINX30/Y21-Y22-Q355-SP80-001 | Q44: 1 | R44: 06/07/2026 | T44: REV01 | V44: 10626-051 | W44: X | Z44: PIN MB1 PIN2 (X30/Y21-Y22) | AA44: NEWPLATE
A45: 40 | B45: PIN1-0022-Z1-W1-0029-V | C45: Q355B | D45: PL80x440x1413 | E45: 80 | F45: 440 | G45: 1413 | H45: 1 | I45: 333.02 | J45: 333.02 | K45: PL80x2750x12000 | L45: VT-HV-TT-001-CHANPINX30/Y21-Y22-Q355-SP80-001 | P45: X | Q45: 1 | R45: 06/07/2026 | T45: REV01 | V45: 10626-051 | Y45: X | Z45: PIN MB1 PIN2 (X30/Y21-Y22) | AA45: NEWPLATE
A46: 41 | B46: PIN1-0022-Z1-W1-0040-V | C46: Q355B | D46: PL80x960x1498 | E46: 80 | F46: 960 | G46: 1498 | H46: 2 | I46: 896.42 | J46: 1792.85 | K46: PL80x2750x12000 | L46: VT-HV-TT-001-CHANPINX30/Y21-Y22-Q355-SP80-001 | P46: X | Q46: 1 | R46: 06/07/2026 | T46: REV01 | V46: 10626-051 | Y46: X | Z46: PIN MB1 PIN2 (X30/Y21-Y22) | AA46: NEWPLATE
A47: 42 | B47: PIN1-0022-Z1-W1-0042-V | C47: Q355B | D47: PL80x960x1311 | E47: 80 | F47: 960 | G47: 1311 | H47: 2 | I47: 783.68 | J47: 1567.37 | K47: PL80x2750x12000 | L47: VT-HV-TT-001-CHANPINX30/Y21-Y22-Q355-SP80-001 | P47: X | Q47: 1 | R47: 06/07/2026 | T47: REV01 | V47: 10626-051 | Y47: X | Z47: PIN MB1 PIN2 (X30/Y21-Y22) | AA47: NEWPLATE
A48: 43 | B48: PIN1-0022-Z1-W1-0044-V | C48: Q355B | D48: PL80x960x1528 | E48: 80 | F48: 960 | G48: 1528 | H48: 2 | I48: 909.58 | J48: 1819.16 | K48: PL80x2750x12000 | L48: VT-HV-TT-001-CHANPINX30/Y21-Y22-Q355-SP80-001 | P48: X | Q48: 1 | R48: 06/07/2026 | T48: REV01 | V48: 10626-051 | Y48: X | Z48: PIN MB1 PIN2 (X30/Y21-Y22) | AA48: NEWPLATE
A49: 44 | B49: PIN1-0022-Z1-W1-0182-V | C49: Q355B | D49: PL80x440x1413 | E49: 80 | F49: 440 | G49: 1413 | H49: 1 | I49: 333.02 | J49: 333.02 | K49: PL80x2750x12000 | L49: VT-HV-TT-001-CHANPINX30/Y21-Y22-Q355-SP80-001 | P49: X | Q49: 1 | R49: 06/07/2026 | T49: REV01 | V49: 10626-051 | Y49: X | Z49: PIN MB1 PIN2 (X30/Y21-Y22) | AA49: NEWPLATE
A50: 45 | B50: BRP1-0001-Z1-PL1-0036 | C50: Q355B | D50: PL80x260x436 | E50: 80 | F50: 260 | G50: 436 | H50: 2 | I50: 69.98 | J50: 139.96 | K50: PL80x2750x12000 | L50: VT-HV-TT-001-CHANPINX30/Y21-Y22-Q355-SP80-002 | Q50: 1 | R50: 06/07/2026 | T50: REV01 | V50: 10626-051 | W50: X | Z50: PIN MB1 PIN2 (X30/Y21-Y22) | AA50: NEWPLATE
A51: 46 | B51: PIN1-0017-Z1-FL1-0029-V | C51: Q355B | D51: PL80x600x958 | E51: 80 | F51: 600 | G51: 958 | H51: 1 | I51: 360.97 | J51: 360.97 | K51: PL80x2750x12000 | L51: VT-HV-TT-001-CHANPINX30/Y21-Y22-Q355-SP80-002 | P51: X | Q51: 1 | R51: 06/07/2026 | T51: REV01 | V51: 10626-051 | Y51: X | Z51: PIN MB1 PIN2 (X30/Y21-Y22) | AA51: NEWPLATE
A52: 47 | B52: PIN1-0021-Z1-FL1-0029-V | C52: Q355B | D52: PL80x600x958 | E52: 80 | F52: 600 | G52: 958 | H52: 2 | I52: 360.98 | J52: 721.95 | K52: PL80x2750x12000 | L52: VT-HV-TT-001-CHANPINX30/Y21-Y22-Q355-SP80-002 | P52: X | Q52: 1 | R52: 06/07/2026 | T52: REV01 | V52: 10626-051 | Y52: X | Z52: PIN MB1 PIN2 (X30/Y21-Y22) | AA52: NEWPLATE
A53: 48 | B53: PIN1-0021-Z1-FL1-0032-V | C53: Q355B | D53: PL80x600x1413 | E53: 80 | F53: 600 | G53: 1413 | H53: 2 | I53: 532.42 | J53: 1064.84 | K53: PL80x2750x12000 | L53: VT-HV-TT-001-CHANPINX30/Y21-Y22-Q355-SP80-002 | P53: X | Q53: 1 | R53: 06/07/2026 | T53: REV01 | V53: 10626-051 | Y53: X | Z53: PIN MB1 PIN2 (X30/Y21-Y22) | AA53: NEWPLATE
A54: 49 | B54: PIN1-0021-Z1-PL1-0009 | C54: Q355B | D54: PL80x400x1220 | E54: 80 | F54: 400 | G54: 1220 | H54: 1 | I54: 301.53 | J54: 301.53 | K54: PL80x2750x12000 | L54: VT-HV-TT-001-CHANPINX30/Y21-Y22-Q355-SP80-002 | Q54: 1 | R54: 06/07/2026 | T54: REV01 | V54: 10626-051 | W54: X | Z54: PIN MB1 PIN2 (X30/Y21-Y22) | AA54: NEWPLATE
A55: 50 | B55: PIN1-0021-Z1-PL1-0017 | C55: Q355B | D55: PL80x350x2200 | E55: 80 | F55: 350 | G55: 2200 | H55: 5 | I55: 454.07 | J55: 2270.33 | K55: PL80x2750x12000 | L55: VT-HV-TT-001-CHANPINX30/Y21-Y22-Q355-SP80-002 | Q55: 1 | R55: 06/07/2026 | T55: REV01 | V55: 10626-051 | W55: X | Z55: PIN MB1 PIN2 (X30/Y21-Y22) | AA55: NEWPLATE
A56: 51 | B56: PIN1-0021-Z1-PL1-0032 | C56: Q355B | D56: PL80x950x2200 | E56: 80 | F56: 950 | G56: 2200 | H56: 3 | I56: 1198.25 | J56: 3594.74 | K56: PL80x2750x12000 | L56: VT-HV-TT-001-CHANPINX30/Y21-Y22-Q355-SP80-002 | Q56: 1 | R56: 06/07/2026 | T56: REV01 | V56: 10626-051 | W56: X | Z56: PIN MB1 PIN2 (X30/Y21-Y22) | AA56: NEWPLATE
A57: 52 | B57: PIN1-0021-Z1-PL1-0033 | C57: Q355B | D57: PL80x500x1396 | E57: 80 | F57: 500 | G57: 1396 | H57: 2 | I57: 438.34 | J57: 876.69 | K57: PL80x2750x12000 | L57: VT-HV-TT-001-CHANPINX30/Y21-Y22-Q355-SP80-002 | Q57: 1 | R57: 06/07/2026 | T57: REV01 | V57: 10626-051 | W57: X | Z57: PIN MB1 PIN2 (X30/Y21-Y22) | AA57: NEWPLATE
A58: 53 | B58: PIN1-0021-Z1-PL1-0042 | C58: Q355B | D58: PL80x360x400 | E58: 80 | F58: 360 | G58: 400 | H58: 2 | I58: 87.96 | J58: 175.93 | K58: PL80x2750x12000 | L58: VT-HV-TT-001-CHANPINX30/Y21-Y22-Q355-SP80-002 | Q58: 1 | R58: 06/07/2026 | T58: REV01 | V58: 10626-051 | W58: X | Z58: PIN MB1 PIN2 (X30/Y21-Y22) | AA58: NEWPLATE
A59: 54 | B59: PIN1-0021-Z1-PL1-0078 | C59: Q355B | D59: PL80x790x2200 | E59: 80 | F59: 790 | G59: 2200 | H59: 3 | I59: 1061.97 | J59: 3185.91 | K59: PL80x2750x12000 | L59: VT-HV-TT-001-CHANPINX30/Y21-Y22-Q355-SP80-002 | Q59: 1 | R59: 06/07/2026 | T59: REV01 | V59: 10626-051 | W59: X | Z59: PIN MB1 PIN2 (X30/Y21-Y22) | AA59: NEWPLATE
A60: 55 | B60: PIN1-0021-Z1-PL1-0079 | C60: Q355B | D60: PL80x400x790 | E60: 80 | F60: 400 | G60: 790 | H60: 1 | I60: 195.98 | J60: 195.98 | K60: PL80x2750x12000 | L60: VT-HV-TT-001-CHANPINX30/Y21-Y22-Q355-SP80-002 | Q60: 1 | R60: 06/07/2026 | T60: REV01 | V60: 10626-051 | W60: X | Z60: PIN MB1 PIN2 (X30/Y21-Y22) | AA60: NEWPLATE
A61: 56 | B61: PIN1-0021-Z1-PL1-0080 | C61: Q355B | D61: PL80x600x790 | E61: 80 | F61: 600 | G61: 790 | H61: 1 | I61: 268.18 | J61: 268.18 | K61: PL80x2750x12000 | L61: VT-HV-TT-001-CHANPINX30/Y21-Y22-Q355-SP80-002 | Q61: 1 | R61: 06/07/2026 | T61: REV01 | V61: 10626-051 | W61: X | Z61: PIN MB1 PIN2 (X30/Y21-Y22) | AA61: NEWPLATE
A62: 57 | B62: PIN1-0021-Z1-PL1-0082 | C62: Q355B | D62: PL80x350x400 | E62: 80 | F62: 350 | G62: 400 | H62: 1 | I62: 85.45 | J62: 85.45 | K62: PL80x2750x12000 | L62: VT-HV-TT-001-CHANPINX30/Y21-Y22-Q355-SP80-002 | Q62: 1 | R62: 06/07/2026 | T62: REV01 | V62: 10626-051 | W62: X | Z62: PIN MB1 PIN2 (X30/Y21-Y22) | AA62: NEWPLATE
A63: 58 | B63: PIN1-0021-Z1-W1-0029-V | C63: Q355B | D63: PL80x440x1413 | E63: 80 | F63: 440 | G63: 1413 | H63: 1 | I63: 333.02 | J63: 333.02 | K63: PL80x2750x12000 | L63: VT-HV-TT-001-CHANPINX30/Y21-Y22-Q355-SP80-002 | P63: X | Q63: 1 | R63: 06/07/2026 | T63: REV01 | V63: 10626-051 | Y63: X | Z63: PIN MB1 PIN2 (X30/Y21-Y22) | AA63: NEWPLATE
A64: 59 | B64: PIN1-0021-Z1-W1-0044-V | C64: Q355B | D64: PL80x960x1528 | E64: 80 | F64: 960 | G64: 1528 | H64: 2 | I64: 909.58 | J64: 1819.16 | K64: PL80x2750x12000 | L64: VT-HV-TT-001-CHANPINX30/Y21-Y22-Q355-SP80-002 | P64: X | Q64: 1 | R64: 06/07/2026 | T64: REV01 | V64: 10626-051 | Y64: X | Z64: PIN MB1 PIN2 (X30/Y21-Y22) | AA64: NEWPLATE
A65: 60 | B65: PIN1-0021-Z1-W1-0046-V | C65: Q355B | D65: PL80x960x1845 | E65: 80 | F65: 960 | G65: 1845 | H65: 2 | I65: 1105.62 | J65: 2211.25 | K65: PL80x2750x12000 | L65: VT-HV-TT-001-CHANPINX30/Y21-Y22-Q355-SP80-002 | P65: X | Q65: 1 | R65: 06/07/2026 | T65: REV01 | V65: 10626-051 | Y65: X | Z65: PIN MB1 PIN2 (X30/Y21-Y22) | AA65: NEWPLATE
A66: 61 | B66: PIN1-0021-Z1-W1-0050-V | C66: Q355B | D66: PL80x960x1998 | E66: 80 | F66: 960 | G66: 1998 | H66: 1 | I66: 1196.48 | J66: 1196.48 | K66: PL80x2750x12000 | L66: VT-HV-TT-001-CHANPINX30/Y21-Y22-Q355-SP80-002 | P66: X | Q66: 1 | R66: 06/07/2026 | T66: REV01 | V66: 10626-051 | Y66: X | Z66: PIN MB1 PIN2 (X30/Y21-Y22) | AA66: NEWPLATE
A67: 62 | B67: PIN1-0021-Z1-W1-0182-V | C67: Q355B | D67: PL80x440x1413 | E67: 80 | F67: 440 | G67: 1413 | H67: 1 | I67: 333.02 | J67: 333.02 | K67: PL80x2750x12000 | L67: VT-HV-TT-001-CHANPINX30/Y21-Y22-Q355-SP80-002 | P67: X | Q67: 1 | R67: 06/07/2026 | T67: REV01 | V67: 10626-051 | Y67: X | Z67: PIN MB1 PIN2 (X30/Y21-Y22) | AA67: NEWPLATE
A68: 63 | B68: BRP1-0001-Z1-FL1-0028-V | C68: Q355B | D68: PL80x600x6902 | E68: 80 | F68: 600 | G68: 6902 | H68: 2 | I68: 2600.68 | J68: 5201.35 | K68: PL80x2750x12000 | L68: VT-HV-TT-001-CHANPINX30/Y21-Y22-Q355-SP80-003 | P68: X | Q68: 1 | R68: 06/07/2026 | T68: REV01 | V68: 10626-051 | Y68: X | Z68: PIN MB1 PIN2 (X30/Y21-Y22) | AA68: NEWPLATE
A69: 64 | B69: BRP1-0001-Z1-PL1-0036 | C69: Q355B | D69: PL80x260x436 | E69: 80 | F69: 260 | G69: 436 | H69: 1 | I69: 69.98 | J69: 69.98 | K69: PL80x2750x12000 | L69: VT-HV-TT-001-CHANPINX30/Y21-Y22-Q355-SP80-003 | Q69: 1 | R69: 06/07/2026 | T69: REV01 | V69: 10626-051 | W69: X | Z69: PIN MB1 PIN2 (X30/Y21-Y22) | AA69: NEWPLATE
A70: 65 | B70: BRP1-0003-Z1-W1-0035-V | C70: Q355B | D70: PL80x960x3916 | E70: 80 | F70: 960 | G70: 3916 | H70: 2 | I70: 2352.43 | J70: 4704.86 | K70: PL80x2750x12000 | L70: VT-HV-TT-001-CHANPINX30/Y21-Y22-Q355-SP80-003 | P70: X | Q70: 1 | R70: 06/07/2026 | T70: REV01 | V70: 10626-051 | Y70: X | Z70: PIN MB1 PIN2 (X30/Y21-Y22) | AA70: NEWPLATE
A71: 66 | B71: BRP1-0013-Z1-FL1-0031-V | C71: Q355B | D71: PL80x600x6586 | E71: 80 | F71: 600 | G71: 6586 | H71: 2 | I71: 2481.6 | J71: 4963.21 | K71: PL80x2750x12000 | L71: VT-HV-TT-001-CHANPINX30/Y21-Y22-Q355-SP80-003 | P71: X | Q71: 1 | R71: 06/07/2026 | T71: REV01 | V71: 10626-051 | Y71: X | Z71: PIN MB1 PIN2 (X30/Y21-Y22) | AA71: NEWPLATE
A72: 67 | B72: BRP1-0013-Z1-PL1-0035 | C72: Q355B | D72: PL80x260x433 | E72: 80 | F72: 260 | G72: 433 | H72: 2 | I72: 69.49 | J72: 138.98 | K72: PL80x2750x12000 | L72: VT-HV-TT-001-CHANPINX30/Y21-Y22-Q355-SP80-003 | Q72: 1 | R72: 06/07/2026 | T72: REV01 | V72: 10626-051 | W72: X | Z72: PIN MB1 PIN2 (X30/Y21-Y22) | AA72: NEWPLATE
A73: 68 | B73: LPP1-0005-Z1-PLP1-0002-V | C73: Q355B | D73: PL80x375x398 | E73: 80 | F73: 375 | G73: 398 | H73: 1 | I73: 90.42 | J73: 90.42 | K73: PL80x2750x12000 | L73: VT-HV-TT-001-CHANPINX30/Y21-Y22-Q355-SP80-003 | P73: X | Q73: 1 | R73: 06/07/2026 | T73: REV01 | V73: 10626-051 | W73: X | Z73: PIN MB1 PIN2 (X30/Y21-Y22) | AA73: NEWPLATE
A74: 69 | B74: PIN1-0017-Z1-PL1-0039 | C74: Q355B | D74: PL80x325x2200 | E74: 80 | F74: 325 | G74: 2200 | H74: 3 | I74: 419.53 | J74: 1258.58 | K74: PL80x2750x12000 | L74: VT-HV-TT-001-CHANPINX30/Y21-Y22-Q355-SP80-003 | Q74: 1 | R74: 06/07/2026 | T74: REV01 | V74: 10626-051 | W74: X | Z74: PIN MB1 PIN2 (X30/Y21-Y22) | AA74: NEWPLATE
A75: 70 | B75: PIN1-0017-Z1-PL1-0078 | C75: Q355B | D75: PL80x790x2200 | E75: 80 | F75: 790 | G75: 2200 | H75: 1 | I75: 1061.97 | J75: 1061.97 | K75: PL80x2750x12000 | L75: VT-HV-TT-001-CHANPINX30/Y21-Y22-Q355-SP80-003 | Q75: 1 | R75: 06/07/2026 | T75: REV01 | V75: 10626-051 | W75: X | Z75: PIN MB1 PIN2 (X30/Y21-Y22) | AA75: NEWPLATE
A76: 71 | B76: PIN1-0017-Z1-PL1-0079 | C76: Q355B | D76: PL80x400x790 | E76: 80 | F76: 400 | G76: 790 | H76: 1 | I76: 195.98 | J76: 195.98 | K76: PL80x2750x12000 | L76: VT-HV-TT-001-CHANPINX30/Y21-Y22-Q355-SP80-003 | Q76: 1 | R76: 06/07/2026 | T76: REV01 | V76: 10626-051 | W76: X | Z76: PIN MB1 PIN2 (X30/Y21-Y22) | AA76: NEWPLATE
A77: 72 | B77: PIN1-0017-Z1-PL1-0082 | C77: Q355B | D77: PL80x350x400 | E77: 80 | F77: 350 | G77: 400 | H77: 1 | I77: 85.45 | J77: 85.45 | K77: PL80x2750x12000 | L77: VT-HV-TT-001-CHANPINX30/Y21-Y22-Q355-SP80-003 | Q77: 1 | R77: 06/07/2026 | T77: REV01 | V77: 10626-051 | W77: X | Z77: PIN MB1 PIN2 (X30/Y21-Y22) | AA77: NEWPLATE
A78: 73 | B78: PIN1-0017-Z1-W1-0041-V | C78: Q355B | D78: PL80x960x1098 | E78: 80 | F78: 960 | G78: 1098 | H78: 2 | I78: 655.27 | J78: 1310.54 | K78: PL80x2750x12000 | L78: VT-HV-TT-001-CHANPINX30/Y21-Y22-Q355-SP80-003 | P78: X | Q78: 1 | R78: 06/07/2026 | T78: REV01 | V78: 10626-051 | Y78: X | Z78: PIN MB1 PIN2 (X30/Y21-Y22) | AA78: NEWPLATE
A79: 74 | B79: PIN1-0019-Z1-PL1-0078 | C79: Q355B | D79: PL80x790x2200 | E79: 80 | F79: 790 | G79: 2200 | H79: 1 | I79: 1061.97 | J79: 1061.97 | K79: PL80x2750x12000 | L79: VT-HV-TT-001-CHANPINX30/Y21-Y22-Q355-SP80-003 | Q79: 1 | R79: 06/07/2026 | T79: REV01 | V79: 10626-051 | W79: X | Z79: PIN MB1 PIN2 (X30/Y21-Y22) | AA79: NEWPLATE
A80: 75 | B80: BRP1-0001-Z1-W1-0026-V | C80: Q355B | D80: PL80x440x6903 | E80: 80 | F80: 440 | G80: 6903 | H80: 1 | I80: 1899.08 | J80: 1899.08 | K80: PL80x2750x12000 | L80: VT-HV-TT-001-CHANPINX30/Y21-Y22-Q355-SP80-004 | P80: X | Q80: 1 | R80: 06/07/2026 | T80: REV01 | V80: 10626-051 | Y80: X | Z80: PIN MB1 PIN2 (X30/Y21-Y22) | AA80: NEWPLATE
A81: 76 | B81: BRP1-0007-Z1-W1-0038-V | C81: Q355B | D81: PL80x960x6329 | E81: 80 | F81: 960 | G81: 6329 | H81: 2 | I81: 3807.24 | J81: 7614.48 | K81: PL80x2750x12000 | L81: VT-HV-TT-001-CHANPINX30/Y21-Y22-Q355-SP80-004 | P81: X | Q81: 1 | R81: 06/07/2026 | T81: REV01 | V81: 10626-051 | Y81: X | Z81: PIN MB1 PIN2 (X30/Y21-Y22) | AA81: NEWPLATE
A82: 77 | B82: BRP1-0012-Z1-W1-0045-V | C82: Q355B | D82: PL80x960x3815 | E82: 80 | F82: 960 | G82: 3815 | H82: 2 | I82: 2291.6 | J82: 4583.2 | K82: PL80x2750x12000 | L82: VT-HV-TT-001-CHANPINX30/Y21-Y22-Q355-SP80-004 | P82: X | Q82: 1 | R82: 06/07/2026 | T82: REV01 | V82: 10626-051 | Y82: X | Z82: PIN MB1 PIN2 (X30/Y21-Y22) | AA82: NEWPLATE
A83: 78 | B83: BRP1-0013-Z1-W1-0030-V | C83: Q355B | D83: PL80x440x3013 | E83: 80 | F83: 440 | G83: 3013 | H83: 1 | I83: 819.53 | J83: 819.53 | K83: PL80x2750x12000 | L83: VT-HV-TT-001-CHANPINX30/Y21-Y22-Q355-SP80-004 | P83: X | Q83: 1 | R83: 06/07/2026 | T83: REV01 | V83: 10626-051 | Y83: X | Z83: PIN MB1 PIN2 (X30/Y21-Y22) | AA83: NEWPLATE
A84: 79 | B84: PIN1-0017-Z1-PL1-0017 | C84: Q355B | D84: PL80x350x2200 | E84: 80 | F84: 350 | G84: 2200 | H84: 5 | I84: 454.07 | J84: 2270.33 | K84: PL80x2750x12000 | L84: VT-HV-TT-001-CHANPINX30/Y21-Y22-Q355-SP80-004 | Q84: 1 | R84: 06/07/2026 | T84: REV01 | V84: 10626-051 | W84: X | Z84: PIN MB1 PIN2 (X30/Y21-Y22) | AA84: NEWPLATE
A85: 80 | B85: PIN1-0017-Z1-PL1-0075 | C85: Q355B | D85: PL80x350x400 | E85: 80 | F85: 350 | G85: 400 | H85: 1 | I85: 86.69 | J85: 86.69 | K85: PL80x2750x12000 | L85: VT-HV-TT-001-CHANPINX30/Y21-Y22-Q355-SP80-004 | Q85: 1 | R85: 06/07/2026 | T85: REV01 | V85: 10626-051 | W85: X | Z85: PIN MB1 PIN2 (X30/Y21-Y22) | AA85: NEWPLATE
A86: 81 | B86: PIN1-0017-Z1-PL1-0077 | C86: Q355B | D86: PL80x350x600 | E86: 80 | F86: 350 | G86: 600 | H86: 1 | I86: 103.62 | J86: 103.62 | K86: PL80x2750x12000 | L86: VT-HV-TT-001-CHANPINX30/Y21-Y22-Q355-SP80-004 | Q86: 1 | R86: 06/07/2026 | T86: REV01 | V86: 10626-051 | W86: X | Z86: PIN MB1 PIN2 (X30/Y21-Y22) | AA86: NEWPLATE
A87: 82 | B87: PIN1-0017-Z1-W1-0037-V | C87: Q355B | D87: PL80x960x1837 | E87: 80 | F87: 960 | G87: 1837 | H87: 2 | I87: 1100.8 | J87: 2201.6 | K87: PL80x2750x12000 | L87: VT-HV-TT-001-CHANPINX30/Y21-Y22-Q355-SP80-004 | P87: X | Q87: 1 | R87: 06/07/2026 | T87: REV01 | V87: 10626-051 | Y87: X | Z87: PIN MB1 PIN2 (X30/Y21-Y22) | AA87: NEWPLATE
A88: 83 | B88: PIN1-0017-Z1-W1-0191-V | C88: Q355B | D88: PL80x440x1454 | E88: 80 | F88: 440 | G88: 1454 | H88: 1 | I88: 339.52 | J88: 339.52 | K88: PL80x2750x12000 | L88: VT-HV-TT-001-CHANPINX30/Y21-Y22-Q355-SP80-004 | P88: X | Q88: 1 | R88: 06/07/2026 | T88: REV01 | V88: 10626-051 | Y88: X | Z88: PIN MB1 PIN2 (X30/Y21-Y22) | AA88: NEWPLATE
A89: 84 | B89: PIN1-0019-Z1-PL1-0082 | C89: Q355B | D89: PL80x350x400 | E89: 80 | F89: 350 | G89: 400 | H89: 1 | I89: 85.45 | J89: 85.45 | K89: PL80x2750x12000 | L89: VT-HV-TT-001-CHANPINX30/Y21-Y22-Q355-SP80-004 | Q89: 1 | R89: 06/07/2026 | T89: REV01 | V89: 10626-051 | W89: X | Z89: PIN MB1 PIN2 (X30/Y21-Y22) | AA89: NEWPLATE
A90: 85 | B90: BRP1-0005-Z1-W1-0039-V | C90: Q355B | D90: PL80x960x2445 | E90: 80 | F90: 960 | G90: 2445 | H90: 2 | I90: 1465.66 | J90: 2931.31 | K90: PL80x2750x12000 | L90: VT-HV-TT-001-CHANPINX30/Y21-Y22-Q355-SP80-005 | P90: X | Q90: 1 | R90: 06/07/2026 | T90: REV01 | V90: 10626-051 | Y90: X | Z90: PIN MB1 PIN2 (X30/Y21-Y22) | AA90: NEWPLATE
A91: 86 | B91: BRP1-0007-Z1-W1-0043-V | C91: Q355B | D91: PL80x960x3760 | E91: 80 | F91: 960 | G91: 3760 | H91: 2 | I91: 2255.27 | J91: 4510.54 | K91: PL80x2750x12000 | L91: VT-HV-TT-001-CHANPINX30/Y21-Y22-Q355-SP80-005 | P91: X | Q91: 1 | R91: 06/07/2026 | T91: REV01 | V91: 10626-051 | Y91: X | Z91: PIN MB1 PIN2 (X30/Y21-Y22) | AA91: NEWPLATE
A92: 87 | B92: BRP1-0007-Z1-W1-0048-V | C92: Q355B | D92: PL80x960x1276 | E92: 80 | F92: 960 | G92: 1276 | H92: 2 | I92: 757.65 | J92: 1515.3 | K92: PL80x2750x12000 | L92: VT-HV-TT-001-CHANPINX30/Y21-Y22-Q355-SP80-005 | P92: X | Q92: 1 | R92: 06/07/2026 | T92: REV01 | V92: 10626-051 | Y92: X | Z92: PIN MB1 PIN2 (X30/Y21-Y22) | AA92: NEWPLATE
A93: 88 | B93: BRP1-0013-Z1-PL1-0035 | C93: Q355B | D93: PL80x260x433 | E93: 80 | F93: 260 | G93: 433 | H93: 1 | I93: 69.49 | J93: 69.49 | K93: PL80x2750x12000 | L93: VT-HV-TT-001-CHANPINX30/Y21-Y22-Q355-SP80-005 | Q93: 1 | R93: 06/07/2026 | T93: REV01 | V93: 10626-051 | W93: X | Z93: PIN MB1 PIN2 (X30/Y21-Y22) | AA93: NEWPLATE
A94: 89 | B94: BRP1-0013-Z1-W1-0028-V | C94: Q355B | D94: PL80x440x6585 | E94: 80 | F94: 440 | G94: 6585 | H94: 1 | I94: 1811.21 | J94: 1811.21 | K94: PL80x2750x12000 | L94: VT-HV-TT-001-CHANPINX30/Y21-Y22-Q355-SP80-005 | P94: X | Q94: 1 | R94: 06/07/2026 | T94: REV01 | V94: 10626-051 | Y94: X | Z94: PIN MB1 PIN2 (X30/Y21-Y22) | AA94: NEWPLATE
A95: 90 | B95: BRP1-0013-Z1-W1-0030-V | C95: Q355B | D95: PL80x440x3013 | E95: 80 | F95: 440 | G95: 3013 | H95: 1 | I95: 819.53 | J95: 819.53 | K95: PL80x2750x12000 | L95: VT-HV-TT-001-CHANPINX30/Y21-Y22-Q355-SP80-005 | P95: X | Q95: 1 | R95: 06/07/2026 | T95: REV01 | V95: 10626-051 | Y95: X | Z95: PIN MB1 PIN2 (X30/Y21-Y22) | AA95: NEWPLATE
A96: 91 | B96: PIN1-0017-Z1-FL1-0029-V | C96: Q355B | D96: PL80x600x958 | E96: 80 | F96: 600 | G96: 958 | H96: 1 | I96: 360.97 | J96: 360.97 | K96: PL80x2750x12000 | L96: VT-HV-TT-001-CHANPINX30/Y21-Y22-Q355-SP80-005 | P96: X | Q96: 1 | R96: 06/07/2026 | T96: REV01 | V96: 10626-051 | Y96: X | Z96: PIN MB1 PIN2 (X30/Y21-Y22) | AA96: NEWPLATE
A97: 92 | B97: PIN1-0017-Z1-PL1-0017 | C97: Q355B | D97: PL80x350x2200 | E97: 80 | F97: 350 | G97: 2200 | H97: 1 | I97: 454.07 | J97: 454.07 | K97: PL80x2750x12000 | L97: VT-HV-TT-001-CHANPINX30/Y21-Y22-Q355-SP80-005 | Q97: 1 | R97: 06/07/2026 | T97: REV01 | V97: 10626-051 | W97: X | Z97: PIN MB1 PIN2 (X30/Y21-Y22) | AA97: NEWPLATE
A98: 93 | B98: PIN1-0017-Z1-PL1-0043 | C98: Q355B | D98: PL80x325x400 | E98: 80 | F98: 325 | G98: 400 | H98: 1 | I98: 79.17 | J98: 79.17 | K98: PL80x2750x12000 | L98: VT-HV-TT-001-CHANPINX30/Y21-Y22-Q355-SP80-005 | Q98: 1 | R98: 06/07/2026 | T98: REV01 | V98: 10626-051 | W98: X | Z98: PIN MB1 PIN2 (X30/Y21-Y22) | AA98: NEWPLATE
A99: 94 | B99: PIN1-0019-Z1-FL1-0029-V | C99: Q355B | D99: PL80x600x958 | E99: 80 | F99: 600 | G99: 958 | H99: 1 | I99: 360.97 | J99: 360.97 | K99: PL80x2750x12000 | L99: VT-HV-TT-001-CHANPINX30/Y21-Y22-Q355-SP80-005 | P99: X | Q99: 1 | R99: 06/07/2026 | T99: REV01 | V99: 10626-051 | Y99: X | Z99: PIN MB1 PIN2 (X30/Y21-Y22) | AA99: NEWPLATE
A100: 95 | B100: PIN1-0019-Z1-PL1-0017 | C100: Q355B | D100: PL80x350x2200 | E100: 80 | F100: 350 | G100: 2200 | H100: 4 | I100: 454.07 | J100: 1816.27 | K100: PL80x2750x12000 | L100: VT-HV-TT-001-CHANPINX30/Y21-Y22-Q355-SP80-005 | Q100: 1 | R100: 06/07/2026 | T100: REV01 | V100: 10626-051 | W100: X | Z100: PIN MB1 PIN2 (X30/Y21-Y22) | AA100: NEWPLATE
A101: 96 | B101: PIN1-0019-Z1-PL1-0079 | C101: Q355B | D101: PL80x400x790 | E101: 80 | F101: 400 | G101: 790 | H101: 1 | I101: 195.98 | J101: 195.98 | K101: PL80x2750x12000 | L101: VT-HV-TT-001-CHANPINX30/Y21-Y22-Q355-SP80-005 | Q101: 1 | R101: 06/07/2026 | T101: REV01 | V101: 10626-051 | W101: X | Z101: PIN MB1 PIN2 (X30/Y21-Y22) | AA101: NEWPLATE
A102: 97 | B102: PIN1-0019-Z1-W1-0047-V | C102: Q355B | D102: PL80x960x1529 | E102: 80 | F102: 960 | G102: 1529 | H102: 2 | I102: 915.12 | J102: 1830.23 | K102: PL80x2750x12000 | L102: VT-HV-TT-001-CHANPINX30/Y21-Y22-Q355-SP80-005 | P102: X | Q102: 1 | R102: 06/07/2026 | T102: REV01 | V102: 10626-051 | Y102: X | Z102: PIN MB1 PIN2 (X30/Y21-Y22) | AA102: NEWPLATE
A103: 98 | B103: PIN1-0019-Z1-W1-0049-V | C103: Q355B | D103: PL80x960x1525 | E103: 80 | F103: 960 | G103: 1525 | H103: 1 | I103: 907.83 | J103: 907.83 | K103: PL80x2750x12000 | L103: VT-HV-TT-001-CHANPINX30/Y21-Y22-Q355-SP80-005 | P103: X | Q103: 1 | R103: 06/07/2026 | T103: REV01 | V103: 10626-051 | Y103: X | Z103: PIN MB1 PIN2 (X30/Y21-Y22) | AA103: NEWPLATE
A104: 99 | B104: PIN1-0019-Z1-W1-0052-V | C104: Q355B | D104: PL80x960x1998 | E104: 80 | F104: 960 | G104: 1998 | H104: 2 | I104: 1196.48 | J104: 2392.96 | K104: PL80x2750x12000 | L104: VT-HV-TT-001-CHANPINX30/Y21-Y22-Q355-SP80-005 | P104: X | Q104: 1 | R104: 06/07/2026 | T104: REV01 | V104: 10626-051 | Y104: X | Z104: PIN MB1 PIN2 (X30/Y21-Y22) | AA104: NEWPLATE
A105: 100 | B105: BRP1-0001-Z1-FL1-0026-V | C105: Q355B | D105: PL80x600x3161 | E105: 80 | F105: 600 | G105: 3161 | H105: 2 | I105: 1191.06 | J105: 2382.13 | K105: PL80x2750x12000 | L105: VT-HV-TT-001-CHANPINX30/Y21-Y22-Q355-SP80-006 | P105: X | Q105: 1 | R105: 06/07/2026 | T105: REV01 | V105: 10626-051 | Y105: X | Z105: PIN MB1 PIN2 (X30/Y21-Y22) | AA105: NEWPLATE
A106: 101 | B106: BRP1-0001-Z1-FL1-0027-V | C106: Q355B | D106: PL80x600x3137 | E106: 80 | F106: 600 | G106: 3137 | H106: 2 | I106: 1182.02 | J106: 2364.04 | K106: PL80x2750x12000 | L106: VT-HV-TT-001-CHANPINX30/Y21-Y22-Q355-SP80-006 | P106: X | Q106: 1 | R106: 06/07/2026 | T106: REV01 | V106: 10626-051 | Y106: X | Z106: PIN MB1 PIN2 (X30/Y21-Y22) | AA106: NEWPLATE
A107: 102 | B107: BRP1-0001-Z1-W1-0025-V | C107: Q355B | D107: PL80x440x3159 | E107: 80 | F107: 440 | G107: 3159 | H107: 2 | I107: 863.99 | J107: 1727.98 | K107: PL80x2750x12000 | L107: VT-HV-TT-001-CHANPINX30/Y21-Y22-Q355-SP80-006 | P107: X | Q107: 1 | R107: 06/07/2026 | T107: REV01 | V107: 10626-051 | Y107: X | Z107: PIN MB1 PIN2 (X30/Y21-Y22) | AA107: NEWPLATE
A108: 103 | B108: BRP1-0013-Z1-FL1-0033-V | C108: Q355B | D108: PL80x600x3020 | E108: 80 | F108: 600 | G108: 3020 | H108: 2 | I108: 1137.94 | J108: 2275.87 | K108: PL80x2750x12000 | L108: VT-HV-TT-001-CHANPINX30/Y21-Y22-Q355-SP80-006 | P108: X | Q108: 1 | R108: 06/07/2026 | T108: REV01 | V108: 10626-051 | Y108: X | Z108: PIN MB1 PIN2 (X30/Y21-Y22) | AA108: NEWPLATE
A109: 104 | B109: BRP1-0013-Z1-FL1-0034-V | C109: Q355B | D109: PL80x600x2950 | E109: 80 | F109: 600 | G109: 2950 | H109: 2 | I109: 1111.56 | J109: 2223.12 | K109: PL80x2750x12000 | L109: VT-HV-TT-001-CHANPINX30/Y21-Y22-Q355-SP80-006 | P109: X | Q109: 1 | R109: 06/07/2026 | T109: REV01 | V109: 10626-051 | Y109: X | Z109: PIN MB1 PIN2 (X30/Y21-Y22) | AA109: NEWPLATE
...

Sheet Phieu vat tu
N1: =IF(J1<>"",J1*I1*H1*7.85/10^6,"") | P1: =IF(J1<>"",J1*I1*H1*7.85/10^6,"") | Q1: =IF(O1="NEWPLATE", N1, "") | R1: =IF(O1<>"NEWPLATE", N1, "") | T1: =IFERROR(MAX(ROUND(N1-P1-IF(S1="",0,S1)-U1, 2), 0),"") | U1: =IFERROR(ROUND(P1*0.7/100, 2),"") | W1: =IFERROR(IF(A1="No STT","Lệnh Sản Xuất",LEFT(C1,FIND("#",SUBSTITUTE(C1,"-","#",4))-1)),"")
G2: ="Phiếu Yêu Cầu Vật Tư - "&IFERROR(LEFT(INDEX(C5:C99971,MATCH(1,INDEX(SUBTOTAL(3,OFFSET(C5,ROW(C5:C99971)-ROW(C5),0)),0),0)),FIND("#",SUBSTITUTE(INDEX(C5:C99971,MATCH(1,INDEX(SUBTOTAL(3,OFFSET(C5,ROW(C5:C99971)-ROW(C5),0)),0),0)),"-","#",4))-1),"") -> Phiếu Yêu Cầu Vật Tư - VT-HV-TT-085 | W2: =IFERROR(IF(A2="No STT","Lệnh Sản Xuất",INDEX(W5:W99971, MATCH(1, INDEX(SUBTOTAL(3, OFFSET(W5, ROW(W5:W99971)-ROW(W5), 0)), 0), 0))),"") -> VT-HV-TT-085
M3: =SUMPRODUCT(SUBTOTAL(109, OFFSET(M5, ROW(M5:M99999)-ROW(M5), 0)), (F5:F99999<>"") * (F5:F99999<>0)) -> 39 | N3: =SUMPRODUCT(SUBTOTAL(109, OFFSET(N5, ROW(N5:N99999)-ROW(N5), 0)), (F5:F99999<>"") * (F5:F99999<>0)) -> 193299.62 | P3: =SUMPRODUCT(SUBTOTAL(109, OFFSET(P5, ROW(P5:P99995)-ROW(P5), 0)), (E5:E99995<>"") * (E5:E99995<>0)) -> 150089.75 | Q3: =SUMPRODUCT(SUBTOTAL(109, OFFSET(Q5, ROW(Q5:Q99999)-ROW(Q5), 0)), (F5:F99999<>"") * (F5:F99999<>0)) -> 169512.9 | R3: =SUMPRODUCT(SUBTOTAL(109, OFFSET(R5, ROW(R5:R99999)-ROW(R5), 0)), (F5:F99999<>"") * (F5:F99999<>0)) -> 23786.72 | S3: =SUMPRODUCT(SUBTOTAL(109, OFFSET(S5, ROW(S5:S99999)-ROW(S5), 0)), (F5:F99999<>"") * (F5:F99999<>0)) -> 29469.6 | T3: =SUMPRODUCT(SUBTOTAL(109, OFFSET(T5, ROW(T5:T99999)-ROW(T5), 0)), (F5:F99999<>"") * (F5:F99999<>0)) -> 14184.71 | U3: =SUMPRODUCT(SUBTOTAL(109, OFFSET(U5, ROW(U5:U99999)-ROW(U5), 0)), (F5:F99999<>"") * (F5:F99999<>0)) -> 1050.61 | W3: =N3-P3-S3-T3-U3 -> -1495.05
A4: No STT | B4: Project name Dự Án | C4: NESTING NO | D4: Phase Hạng Mục | E4: Type PCS | F4: Material Mác Thép | G4: Size Quy Cách | H4: Thickness (mm) | I4: Width (mm) | J4: Length (mm) | K4: Unit ĐVT | L4: KLR (Kg/m3) | M4: Qty S.Lượng | N4: Weight (kg) | O4: Nguồn Gốc Vật Tư | P4: Khối Lượng Thành Phẩm | Q4: Lệnh Xuất Vật Tư Nguyên Khổ (kg) | R4: Lệnh Xuất Remain (kg) | S4: Lệnh Thu Remain (kg) | T4: Lệnh Thu Phế Liệu (kg) | U4: Phế Liệu Tiêu Hao (Không Thu Hồi) (kg) | V4: Lần Ban Hành | W4: =IFERROR(IF(A4="No STT","Lệnh Sản Xuất",LEFT(C4,FIND("#",SUBSTITUTE(C4,"-","#",4))-1)),"") -> Lệnh Sản Xuất | X4: =IF(C4<>"",IF('List chi tiet'!$B$2<>"",'List chi tiet'!$B$2,""),"") -> 10626-051 DG SÂN VẬN ĐỘNG HÙNG VƯƠNG
A5: 1 | B5: 10626-051 | C5: VT-HV-TT-001-CHANPINX30/Y21-Y22-Q355-SP25-001 | D5: PIN MB1 PIN2 (X30/Y21-Y22) | E5: PLATE | F5: Q355 | G5: 25x2200x12000 | H5: 25 | I5: 2200 | J5: 12000 | K5: Pcs | M5: 1 | N5: 5181 | O5: NEWPLATE | P5: 2378.55 | Q5: 5181 | S5: 2618.76 | T5: 167.04 | U5: 16.65 | V5: 1 | W5: VT-HV-TT-001 | X5: 10626-051 DG SÂN VẬN ĐỘNG HÙNG VƯƠNG | Y5: REV
A6: 2 | B6: 10626-051 | C6: VT-HV-TT-001-CHANPINX30/Y21-Y22-Q355-SP30-001 | D6: PIN MB1 PIN2 (X30/Y21-Y22) | E6: PLATE | F6: Q355 | G6: 30x2000x12000 | H6: 30 | I6: 2000 | J6: 12000 | K6: Pcs | M6: 1 | N6: 5652 | O6: NEWPLATE | P6: 5027.2 | Q6: 5652 | T6: 589.61 | U6: 35.19 | V6: 1 | W6: VT-HV-TT-001 | X6: 10626-051 DG SÂN VẬN ĐỘNG HÙNG VƯƠNG
A7: 3 | B7: 10626-051 | C7: VT-HV-TT-001-CHANPINX30/Y21-Y22-Q355-SP30-002 | D7: PIN MB1 PIN2 (X30/Y21-Y22) | E7: PLATE | F7: Q355 | G7: 30x2000x12000 | H7: 30 | I7: 2000 | J7: 12000 | K7: Pcs | M7: 1 | N7: 5652 | O7: NEWPLATE | P7: 4951.08 | Q7: 5652 | T7: 666.26 | U7: 34.66 | V7: 1 | W7: VT-HV-TT-001 | X7: 10626-051 DG SÂN VẬN ĐỘNG HÙNG VƯƠNG
A8: 4 | B8: 10626-051 | C8: VT-HV-TT-001-CHANPINX30/Y21-Y22-Q355-SP30-003 | D8: PIN MB1 PIN2 (X30/Y21-Y22) | E8: PLATE | F8: Q355 | G8: 30x2000x12000 | H8: 30 | I8: 2000 | J8: 12000 | K8: Pcs | M8: 1 | N8: 5652 | O8: NEWPLATE | P8: 366.64 | Q8: 5652 | S8: 5208.79 | T8: 74 | U8: 2.57 | V8: 1 | W8: VT-HV-TT-001 | X8: 10626-051 DG SÂN VẬN ĐỘNG HÙNG VƯƠNG
A9: 5 | B9: 10626-051 | C9: VT-HV-TT-001-CHANPINX30/Y21-Y22-Q355-SP40-001 | D9: PIN MB1 PIN2 (X30/Y21-Y22) | E9: PLATE | F9: Q355 | G9: 40x2500x12000 | H9: 40 | I9: 2500 | J9: 12000 | K9: Pcs | M9: 1 | N9: 9420 | O9: NEWPLATE | P9: 2347.27 | Q9: 9420 | S9: 6794.16 | T9: 262.14 | U9: 16.43 | V9: 1 | W9: VT-HV-TT-001 | X9: 10626-051 DG SÂN VẬN ĐỘNG HÙNG VƯƠNG
A10: 6 | B10: 10626-051 | C10: VT-HV-TT-001-CHANPINX30/Y21-Y22-Q355-SP80-001 | D10: PIN MB1 PIN2 (X30/Y21-Y22) | E10: PLATE | F10: Q355B | G10: 80x2750x12000 | H10: 80 | I10: 2750 | J10: 12000 | K10: Pcs | M10: 1 | N10: 20724 | O10: NEWPLATE | P10: 19107.21 | Q10: 20724 | T10: 1483.04 | U10: 133.75 | V10: 1 | W10: VT-HV-TT-001 | X10: 10626-051 DG SÂN VẬN ĐỘNG HÙNG VƯƠNG | Y10: REV
A11: 7 | B11: 10626-051 | C11: VT-HV-TT-001-CHANPINX30/Y21-Y22-Q355-SP80-002 | D11: PIN MB1 PIN2 (X30/Y21-Y22) | E11: PLATE | F11: Q355B | G11: 80x2750x12000 | H11: 80 | I11: 2750 | J11: 12000 | K11: Pcs | M11: 1 | N11: 20724 | O11: NEWPLATE | P11: 19135.39 | Q11: 20724 | T11: 1454.66 | U11: 133.95 | V11: 1 | W11: VT-HV-TT-001 | X11: 10626-051 DG SÂN VẬN ĐỘNG HÙNG VƯƠNG | Y11: REV
A12: 8 | B12: 10626-051 | C12: VT-HV-TT-001-CHANPINX30/Y21-Y22-Q355-SP80-003 | D12: PIN MB1 PIN2 (X30/Y21-Y22) | E12: PLATE | F12: Q355B | G12: 80x2750x12000 | H12: 80 | I12: 2750 | J12: 12000 | K12: Pcs | M12: 1 | N12: 20724 | O12: NEWPLATE | P12: 20143.29 | Q12: 20724 | T12: 439.71 | U12: 141 | V12: 1 | W12: VT-HV-TT-001 | X12: 10626-051 DG SÂN VẬN ĐỘNG HÙNG VƯƠNG | Y12: REV
A13: 9 | B13: 10626-051 | C13: VT-HV-TT-001-CHANPINX30/Y21-Y22-Q355-SP80-004 | D13: PIN MB1 PIN2 (X30/Y21-Y22) | E13: PLATE | F13: Q355B | G13: 80x2750x12000 | H13: 80 | I13: 2750 | J13: 12000 | K13: Pcs | M13: 1 | N13: 20724 | O13: NEWPLATE | P13: 20003.5 | Q13: 20724 | T13: 580.48 | U13: 140.02 | V13: 1 | W13: VT-HV-TT-001 | X13: 10626-051 DG SÂN VẬN ĐỘNG HÙNG VƯƠNG | Y13: REV
A14: 10 | B14: 10626-051 | C14: VT-HV-TT-001-CHANPINX30/Y21-Y22-Q355-SP80-005 | D14: PIN MB1 PIN2 (X30/Y21-Y22) | E14: PLATE | F14: Q355B | G14: 80x2750x12000 | H14: 80 | I14: 2750 | J14: 12000 | K14: Pcs | M14: 1 | N14: 20724 | O14: NEWPLATE | P14: 20055.83 | Q14: 20724 | T14: 527.78 | U14: 140.39 | V14: 1 | W14: VT-HV-TT-001 | X14: 10626-051 DG SÂN VẬN ĐỘNG HÙNG VƯƠNG | Y14: REV
A15: 11 | B15: 10626-051 | C15: VT-HV-TT-001-CHANPINX30/Y21-Y22-Q355-SP80-006 | D15: PIN MB1 PIN2 (X30/Y21-Y22) | E15: PLATE | F15: Q355B | G15: 80x2750x12000 | H15: 80 | I15: 2750 | J15: 12000 | K15: Pcs | M15: 1 | N15: 20724 | O15: NEWPLATE | P15: 19526.2 | Q15: 20724 | T15: 1061.12 | U15: 136.68 | V15: 1 | W15: VT-HV-TT-001 | X15: 10626-051 DG SÂN VẬN ĐỘNG HÙNG VƯƠNG | Y15: REV
A16: 12 | B16: 10626-051 | C16: VT-HV-TT-001-CHANPINX30/Y21-Y22-Q355-SP80-007 | D16: PIN MB1 PIN2 (X30/Y21-Y22) | E16: PLATE | F16: Q355B | G16: 80x2750x12000 | H16: 80 | I16: 2750 | J16: 12000 | K16: Pcs | M16: 1 | N16: 20724 | O16: NEWPLATE | P16: 3465.71 | Q16: 20724 | S16: 16994.09 | T16: 239.94 | U16: 24.26 | V16: 1 | W16: VT-HV-TT-001 | X16: 10626-051 DG SÂN VẬN ĐỘNG HÙNG VƯƠNG | Y16: REV
A17: 13 | B17: 10626-051 | C17: VT-HV-TT-001-CHANPINX30/Y21-Y22-Q355-SP120-001 | D17: PIN MB1 PIN2 (X30/Y21-Y22) | E17: PLATE | F17: Q355 | G17: 120x2300x12000 | H17: 120 | I17: 2300 | J17: 12000 | K17: Pcs | M17: 1 | N17: 25999.2 | O17: NEWPLATE | P17: 25640.81 | Q17: 25999.2 | T17: 178.9 | U17: 179.49 | V17: 1 | W17: VT-HV-TT-001 | X17: 10626-051 DG SÂN VẬN ĐỘNG HÙNG VƯƠNG
A18: 14 | B18: 10626-051 | C18: VT-HV-TT-001-CHANPINX30/Y21-Y22-Q355-SP120-002 | D18: PIN MB1 PIN2 (X30/Y21-Y22) | E18: PLATE | F18: Q355 | G18: 120x2050x12000 | H18: 120 | I18: 2050 | J18: 12000 | K18: Pcs | M18: 1 | N18: 23173.2 | O18: NEWPLATE | P18: 22322.9 | Q18: 23173.2 | T18: 694.04 | U18: 156.26 | V18: 1 | W18: VT-HV-TT-001 | X18: 10626-051 DG SÂN VẬN ĐỘNG HÙNG VƯƠNG
A19: 15 | B19: 10626-051 | C19: VT-HV-TT-001-CHANPINX30/Y21-Y22-Q355-SP120-003 | D19: PIN MB1 PIN2 (X30/Y21-Y22) | E19: PLATE | F19: Q355 | G19: 120x2300x12000 | H19: 120 | I19: 2300 | J19: 12000 | K19: Pcs | M19: 1 | N19: 25999.2 | O19: NEWPLATE | P19: 22949.31 | Q19: 25999.2 | T19: 2889.24 | U19: 160.65 | V19: 1 | W19: VT-HV-TT-001 | X19: 10626-051 DG SÂN VẬN ĐỘNG HÙNG VƯƠNG
A20: 16 | B20: 10626-051 | C20: VT-HV-TT-001-CHANPINX30/Y21-Y22-Q355-SP120-004 | D20: PIN MB1 PIN2 (X30/Y21-Y22) | E20: PLATE | F20: Q355 | G20: 120x2500x12000 | H20: 120 | I20: 2500 | J20: 12000 | K20: Pcs | M20: 1 | N20: 28260 | O20: NEWPLATE | P20: 26806.06 | Q20: 28260 | T20: 1266.3 | U20: 187.64 | V20: 1 | W20: VT-HV-TT-001 | X20: 10626-051 DG SÂN VẬN ĐỘNG HÙNG VƯƠNG
A21: 17 | B21: 10626-051 | C21: VT-HV-TT-001-CHANPINX30/Y21-Y22-Q355-SP120-005 | D21: PIN MB1 PIN2 (X30/Y21-Y22) | E21: PLATE | F21: Q355 | G21: 120x2500x12000 | H21: 120 | I21: 2500 | J21: 12000 | K21: Pcs | M21: 1 | N21: 28260 | O21: NEWPLATE | P21: 27429.66 | Q21: 28260 | T21: 638.33 | U21: 192.01 | V21: 1 | W21: VT-HV-TT-001 | X21: 10626-051 DG SÂN VẬN ĐỘNG HÙNG VƯƠNG
A22: 18 | B22: 10626-051 | C22: VT-HV-TT-001-CHANPINX30/Y21-Y22-Q355-SP120-006 | D22: PIN MB1 PIN2 (X30/Y21-Y22) | E22: PLATE | F22: Q355 | G22: 120x2300x12000 | H22: 120 | I22: 2300 | J22: 12000 | K22: Pcs | M22: 1 | N22: 25999.2 | O22: NEWPLATE | P22: 25647.42 | Q22: 25999.2 | T22: 172.25 | U22: 179.53 | V22: 1 | W22: VT-HV-TT-001 | X22: 10626-051 DG SÂN VẬN ĐỘNG HÙNG VƯƠNG
A23: 19 | B23: 10626-051 | C23: VT-HV-TT-001-CHANPINX30/Y21-Y22-Q355-SP120-007 | D23: PIN MB1 PIN2 (X30/Y21-Y22) | E23: PLATE | F23: Q355 | G23: 120x2500x12000 | H23: 120 | I23: 2500 | J23: 12000 | K23: Pcs | M23: 1 | N23: 28260 | O23: NEWPLATE | P23: 26710.66 | Q23: 28260 | T23: 1362.37 | U23: 186.97 | V23: 1 | W23: VT-HV-TT-001 | X23: 10626-051 DG SÂN VẬN ĐỘNG HÙNG VƯƠNG
A24: 20 | B24: 10626-051 | C24: VT-HV-TT-001-CHANPINX30/Y21-Y22-Q355-SP120-008 | D24: PIN MB1 PIN2 (X30/Y21-Y22) | E24: PLATE | F24: Q355 | G24: 120x2500x13000 | H24: 120 | I24: 2500 | J24: 13000 | K24: Pcs | M24: 1 | N24: 30615 | O24: NEWPLATE | P24: 29105.11 | Q24: 30615 | T24: 1306.15 | U24: 203.74 | V24: 1 | W24: VT-HV-TT-001 | X24: 10626-051 DG SÂN VẬN ĐỘNG HÙNG VƯƠNG
A25: 21 | B25: 10626-051 | C25: VT-HV-TT-001-CHANPINX30/Y21-Y22-Q355-SP120-009 | D25: PIN MB1 PIN2 (X30/Y21-Y22) | E25: PLATE | F25: Q355 | G25: 120x2500x13000 | H25: 120 | I25: 2500 | J25: 13000 | K25: Pcs | M25: 1 | N25: 30615 | O25: NEWPLATE | P25: 29594.29 | Q25: 30615 | T25: 813.55 | U25: 207.16 | V25: 1 | W25: VT-HV-TT-001 | X25: 10626-051 DG SÂN VẬN ĐỘNG HÙNG VƯƠNG
A26: 22 | B26: 10626-051 | C26: VT-HV-TT-001-CHANPINX30/Y21-Y22-Q355-SP120-010 | D26: PIN MB1 PIN2 (X30/Y21-Y22) | E26: PLATE | F26: Q355 | G26: 120x2500x12000 | H26: 120 | I26: 2500 | J26: 12000 | K26: Pcs | M26: 1 | N26: 28260 | O26: NEWPLATE | P26: 26687.61 | Q26: 28260 | T26: 1385.58 | U26: 186.81 | V26: 1 | W26: VT-HV-TT-001 | X26: 10626-051 DG SÂN VẬN ĐỘNG HÙNG VƯƠNG
A27: 23 | B27: 10626-051 | C27: VT-HV-TT-001-CHANPINX30/Y21-Y22-Q355-SP120-011 | D27: PIN MB1 PIN2 (X30/Y21-Y22) | E27: PLATE | F27: Q355 | G27: 120x2500x12000 | H27: 120 | I27: 2500 | J27: 12000 | K27: Pcs | M27: 1 | N27: 28260 | O27: NEWPLATE | P27: 26011.6 | Q27: 28260 | T27: 2066.32 | U27: 182.08 | V27: 1 | W27: VT-HV-TT-001 | X27: 10626-051 DG SÂN VẬN ĐỘNG HÙNG VƯƠNG
A28: 24 | B28: 10626-051 | C28: VT-HV-TT-001-CHANPINX30/Y21-Y22-Q355-SP120-012 | D28: PIN MB1 PIN2 (X30/Y21-Y22) | E28: PLATE | F28: Q355 | G28: 120x2300x12000 | H28: 120 | I28: 2300 | J28: 12000 | K28: Pcs | M28: 1 | N28: 25999.2 | O28: NEWPLATE | P28: 12130.8 | Q28: 25999.2 | S28: 12101.52 | T28: 1681.96 | U28: 84.92 | V28: 1 | W28: VT-HV-TT-001 | X28: 10626-051 DG SÂN VẬN ĐỘNG HÙNG VƯƠNG
A29: 25 | B29: 10626-051 | C29: VT-HV-TT-001-CHANPINX30/Y21-Y22-Q355-SP120-013 | D29: PIN MB1 PIN2 (X30/Y21-Y22) | E29: PLATE | F29: Q355 | G29: 120x2300x12000 | H29: 120 | I29: 2300 | J29: 12000 | K29: Pcs | M29: 1 | N29: 25999.2 | O29: NEWPLATE | P29: 24581.87 | Q29: 25999.2 | T29: 1245.26 | U29: 172.07 | V29: 1 | W29: VT-HV-TT-001 | X29: 10626-051 DG SÂN VẬN ĐỘNG HÙNG VƯƠNG
A30: 26 | B30: 10626-051 | C30: VT-HV-TT-001-CHANPINX30/Y21-Y22-Q355-SP120-014 | D30: PIN MB1 PIN2 (X30/Y21-Y22) | E30: PLATE | F30: Q355 | G30: 120x2500x13000 | H30: 120 | I30: 2500 | J30: 13000 | K30: Pcs | M30: 1 | N30: 30615 | O30: NEWPLATE | P30: 28060.74 | Q30: 30615 | T30: 2357.83 | U30: 196.43 | V30: 1 | W30: VT-HV-TT-001 | X30: 10626-051 DG SÂN VẬN ĐỘNG HÙNG VƯƠNG
A31: 27 | B31: 10626-051 | C31: VT-HV-TT-001-CHANPINX30/Y21-Y22-Q355-SP120-015 | D31: PIN MB1 PIN2 (X30/Y21-Y22) | E31: PLATE | F31: Q355 | G31: 120x2500x12000 | H31: 120 | I31: 2500 | J31: 12000 | K31: Pcs | M31: 1 | N31: 28260 | O31: NEWPLATE | P31: 26605.07 | Q31: 28260 | T31: 1468.69 | U31: 186.24 | V31: 1 | W31: VT-HV-TT-001 | X31: 10626-051 DG SÂN VẬN ĐỘNG HÙNG VƯƠNG
A32: 28 | B32: 10626-051 | C32: VT-HV-TT-001-CHANPINX30/Y21-Y22-Q355-SP120-016 | D32: PIN MB1 PIN2 (X30/Y21-Y22) | E32: PLATE | F32: Q355 | G32: 120x2500x12000 | H32: 120 | I32: 2500 | J32: 12000 | K32: Pcs | M32: 1 | N32: 28260 | O32: NEWPLATE | P32: 26950.45 | Q32: 28260 | T32: 1120.9 | U32: 188.65 | V32: 1 | W32: VT-HV-TT-001 | X32: 10626-051 DG SÂN VẬN ĐỘNG HÙNG VƯƠNG
A33: 29 | B33: 10626-051 | C33: VT-HV-TT-001-CHANPINX30/Y21-Y22-Q355-SP120-017 | D33: PIN MB1 PIN2 (X30/Y21-Y22) | E33: PLATE | F33: Q355 | G33: 120x2500x12000 | H33: 120 | I33: 2500 | J33: 12000 | K33: Pcs | M33: 1 | N33: 28260 | O33: NEWPLATE | P33: 21513.18 | Q33: 28260 | S33: 6395.83 | T33: 200.4 | U33: 150.59 | V33: 1 | W33: VT-HV-TT-001 | X33: 10626-051 DG SÂN VẬN ĐỘNG HÙNG VƯƠNG
A34: 30 | B34: 10626-051 | C34: VT-HV-TT-001-CHANPINX30/Y21-Y22-Q355-SP120-018 | D34: PIN MB1 PIN2 (X30/Y21-Y22) | E34: PLATE | F34: Q355 | G34: 120x2500x12000 | H34: 120 | I34: 2500 | J34: 12000 | K34: Pcs | M34: 1 | N34: 28260 | O34: NEWPLATE | P34: 24165.69 | Q34: 28260 | S34: 2907.62 | T34: 1017.53 | U34: 169.16 | V34: 1 | W34: VT-HV-TT-001 | X34: 10626-051 DG SÂN VẬN ĐỘNG HÙNG VƯƠNG
A35: 31 | B35: 10626-051 | C35: VT-HV-TT-001-CHANPINX30/Y21-Y22-Q355-SP120-019 | D35: PIN MB1 PIN2 (X30/Y21-Y22) | E35: PLATE | F35: Q355 | G35: 120x2300x12000 | H35: 120 | I35: 2300 | J35: 12000 | K35: Pcs | M35: 1 | N35: 25999.2 | O35: NEWPLATE | P35: 22095.31 | Q35: 25999.2 | S35: 2907.62 | T35: 841.6 | U35: 154.67 | V35: 1 | W35: VT-HV-TT-001 | X35: 10626-051 DG SÂN VẬN ĐỘNG HÙNG VƯƠNG
A36: 32 | B36: 10626-051 | C36: VT-HV-TT-001-CHANPINX30/Y21-Y22-Q355-SP120-020 | D36: PIN MB1 PIN2 (X30/Y21-Y22) | E36: PLATE | F36: Q355 | G36: 120x2300x12000 | H36: 120 | I36: 2300 | J36: 12000 | K36: Pcs | M36: 1 | N36: 25999.2 | O36: NEWPLATE | P36: 16595.59 | Q36: 25999.2 | S36: 7897.8 | T36: 1389.64 | U36: 116.17 | V36: 1 | W36: VT-HV-TT-001 | X36: 10626-051 DG SÂN VẬN ĐỘNG HÙNG VƯƠNG
A37: 33 | B37: 10626-051 | C37: VT-HV-TT-001-CHANPINX30/Y21-Y22-Q355-SP120-021 | D37: PIN MB1 PIN2 (X30/Y21-Y22) | E37: PLATE | F37: Q355 | G37: 120x2300x12000 | H37: 120 | I37: 2300 | J37: 12000 | K37: Pcs | M37: 1 | N37: 25999.2 | O37: NEWPLATE | P37: 16595.59 | Q37: 25999.2 | S37: 7897.8 | T37: 1389.64 | U37: 116.17 | V37: 1 | W37: VT-HV-TT-001 | X37: 10626-051 DG SÂN VẬN ĐỘNG HÙNG VƯƠNG
A38: 34 | B38: 10626-051 | C38: VT-HV-TT-001-CHANPINX30/Y21-Y22-Q355-SP120-022 | D38: PIN MB1 PIN2 (X30/Y21-Y22) | E38: PLATE | F38: Q355 | G38: 120x2300x12000 | H38: 120 | I38: 2300 | J38: 12000 | K38: Pcs | M38: 1 | N38: 25999.2 | O38: NEWPLATE | P38: 17607.03 | Q38: 25999.2 | S38: 7107.94 | T38: 1160.98 | U38: 123.25 | V38: 1 | W38: VT-HV-TT-001 | X38: 10626-051 DG SÂN VẬN ĐỘNG HÙNG VƯƠNG
A39: 1 | B39: 10626-051 | C39: VT-HV-TT-002-PINX01_Y21-Y22-Q355-SP25-001 | D39: CHÂN PIN MB1 PIN2 (X01/Y21-Y22)-REV04 | E39: PLATE | F39: Q355 | G39: 25x1112x12000 | H39: 25 | I39: 1112 | J39: 12000 | K39: Pcs | M39: 1 | N39: 2618.76 | O39: VT-HV-TT-001-CHANPINX30/Y21-Y22-Q355-SP25-001 | P39: 2378.55 | R39: 2618.76 | T39: 223.56 | U39: 16.65 | V39: 2 | W39: VT-HV-TT-002 | X39: 10626-051 DG SÂN VẬN ĐỘNG HÙNG VƯƠNG
A40: 2 | B40: 10626-051 | C40: VT-HV-TT-002-PINX01_Y21-Y22-Q355-SP30-001 | D40: CHÂN PIN MB1 PIN2 (X01/Y21-Y22)-REV04 | E40: PLATE | F40: Q355 | G40: 30x2000x11059 | H40: 30 | I40: 2000 | J40: 11059 | K40: Pcs | M40: 1 | N40: 5208.79 | O40: VT-HV-TT-001-CHANPINX30/Y21-Y22-Q355-SP30-003 | P40: 4573.85 | R40: 5208.79 | T40: 602.92 | U40: 32.02 | V40: 2 | W40: VT-HV-TT-002 | X40: 10626-051 DG SÂN VẬN ĐỘNG HÙNG VƯƠNG
A41: 3 | B41: 10626-051 | C41: VT-HV-TT-002-PINX01_Y21-Y22-Q355-SP30-002 | D41: CHÂN PIN MB1 PIN2 (X01/Y21-Y22)-REV04 | E41: PLATE | F41: Q355 | G41: 30x2000x12000 | H41: 30 | I41: 2000 | J41: 12000 | K41: Pcs | M41: 1 | N41: 5652 | O41: NEWPLATE | P41: 1330.27 | Q41: 5652 | S41: 4093.44 | T41: 218.98 | U41: 9.31 | V41: 2 | W41: VT-HV-TT-002 | X41: 10626-051 DG SÂN VẬN ĐỘNG HÙNG VƯƠNG
A42: 4 | B42: 10626-051 | C42: VT-HV-TT-002-PINX01_Y21-Y22-Q355B-SP40-001 | D42: CHÂN PIN MB1 PIN2 (X01/Y21-Y22)-REV04 | E42: PLATE | F42: Q355B | G42: 40x2500x8940 | H42: 40 | I42: 2500 | J42: 8940 | K42: Pcs | M42: 1 | N42: 6794.16 | O42: VT-HV-TT-001-CHANPINX30/Y21-Y22-Q355-SP40-001 | P42: 961 | R42: 6794.16 | S42: 5206.04 | T42: 620.39 | U42: 6.73 | V42: 2 | W42: VT-HV-TT-002 | X42: 10626-051 DG SÂN VẬN ĐỘNG HÙNG VƯƠNG
A43: 5 | B43: 10626-051 | C43: VT-HV-TT-002-PINX01_Y21-Y22-Q355-SP80-001 | D43: CHÂN PIN MB1 PIN2 (X01/Y21-Y22)-REV04 | E43: PLATE | F43: Q355 | G43: 80x2750x10158 | H43: 80 | I43: 2750 | J43: 10158 | K43: Pcs | M43: 1 | N43: 16994.09 | O43: VT-HV-TT-001-CHANPINX30/Y21-Y22-Q355-SP80-007 | P43: 15884.98 | R43: 16994.09 | T43: 997.92 | U43: 111.19 | V43: 2 | W43: VT-HV-TT-002 | X43: 10626-051 DG SÂN VẬN ĐỘNG HÙNG VƯƠNG
A44: 6 | B44: 10626-051 | C44: VT-HV-TT-002-PINX01_Y21-Y22-Q355-SP80-002 | D44: CHÂN PIN MB1 PIN2 (X01/Y21-Y22)-REV04 | E44: PLATE | F44: Q355 | G44: 80x2750x12000 | H44: 80 | I44: 2750 | J44: 12000 | K44: Pcs | M44: 1 | N44: 20724 | O44: NEWPLATE | P44: 19453.28 | Q44: 20724 | T44: 1134.55 | U44: 136.17 | V44: 2 | W44: VT-HV-TT-002 | X44: 10626-051 DG SÂN VẬN ĐỘNG HÙNG VƯƠNG
A45: 7 | B45: 10626-051 | C45: VT-HV-TT-002-PINX01_Y21-Y22-Q355-SP80-003 | D45: CHÂN PIN MB1 PIN2 (X01/Y21-Y22)-REV04 | E45: PLATE | F45: Q355 | G45: 80x2750x12000 | H45: 80 | I45: 2750 | J45: 12000 | K45: Pcs | M45: 1 | N45: 20724 | O45: NEWPLATE | P45: 19983.68 | Q45: 20724 | T45: 600.43 | U45: 139.89 | V45: 2 | W45: VT-HV-TT-002 | X45: 10626-051 DG SÂN VẬN ĐỘNG HÙNG VƯƠNG
A46: 8 | B46: 10626-051 | C46: VT-HV-TT-002-PINX01_Y21-Y22-Q355-SP80-004 | D46: CHÂN PIN MB1 PIN2 (X01/Y21-Y22)-REV04 | E46: PLATE | F46: Q355 | G46: 80x2750x12000 | H46: 80 | I46: 2750 | J46: 12000 | K46: Pcs | M46: 1 | N46: 20724 | O46: NEWPLATE | P46: 19973.11 | Q46: 20724 | T46: 611.08 | U46: 139.81 | V46: 2 | W46: VT-HV-TT-002 | X46: 10626-051 DG SÂN VẬN ĐỘNG HÙNG VƯƠNG
A47: 9 | B47: 10626-051 | C47: VT-HV-TT-002-PINX01_Y21-Y22-Q355-SP80-005 | D47: CHÂN PIN MB1 PIN2 (X01/Y21-Y22)-REV04 | E47: PLATE | F47: Q355 | G47: 80x2500x12000 | H47: 80 | I47: 2500 | J47: 12000 | K47: Pcs | M47: 1 | N47: 18840 | O47: NEWPLATE | P47: 17800.1 | Q47: 18840 | T47: 915.3 | U47: 124.6 | V47: 2 | W47: VT-HV-TT-002 | X47: 10626-051 DG SÂN VẬN ĐỘNG HÙNG VƯƠNG
A48: 10 | B48: 10626-051 | C48: VT-HV-TT-002-PINX01_Y21-Y22-Q355-SP80-006 | D48: CHÂN PIN MB1 PIN2 (X01/Y21-Y22)-REV04 | E48: PLATE | F48: Q355 | G48: 80x2500x12000 | H48: 80 | I48: 2500 | J48: 12000 | K48: Pcs | M48: 1 | N48: 18840 | O48: NEWPLATE | P48: 17919.38 | Q48: 18840 | T48: 795.18 | U48: 125.44 | V48: 2 | W48: VT-HV-TT-002 | X48: 10626-051 DG SÂN VẬN ĐỘNG HÙNG VƯƠNG
A49: 11 | B49: 10626-051 | C49: VT-HV-TT-002-PINX01_Y21-Y22-Q355-SP80-007 | D49: CHÂN PIN MB1 PIN2 (X01/Y21-Y22)-REV04 | E49: PLATE | F49: Q355 | G49: 80x2750x12000 | H49: 80 | I49: 2750 | J49: 12000 | K49: Pcs | M49: 1 | N49: 20724 | O49: NEWPLATE | P49: 7060.77 | Q49: 20724 | S49: 13014.67 | T49: 599.13 | U49: 49.43 | V49: 2 | W49: VT-HV-TT-002 | X49: 10626-051 DG SÂN VẬN ĐỘNG HÙNG VƯƠNG
A50: 12 | B50: 10626-051 | C50: VT-HV-TT-002-PINX01_Y21-Y22-Q355-SP80-008 | D50: CHÂN PIN MB1 PIN2 (X01/Y21-Y22)-REV04 | E50: PLATE | F50: Q355 | G50: 80x2500x12000 | H50: 80 | I50: 2500 | J50: 12000 | K50: Pcs | M50: 1 | N50: 18840 | O50: NEWPLATE | P50: 3361.86 | Q50: 18840 | S50: 15166.92 | T50: 287.69 | U50: 23.53 | V50: 2 | W50: VT-HV-TT-002 | X50: 10626-051 DG SÂN VẬN ĐỘNG HÙNG VƯƠNG
A51: 13 | B51: 10626-051 | C51: VT-HV-TT-002-PINX01_Y21-Y22-Q355-SP120-001 | D51: CHÂN PIN MB1 PIN2 (X01/Y21-Y22)-REV04 | E51: PLATE | F51: Q355 | G51: 120x2500x12000 | H51: 120 | I51: 2500 | J51: 12000 | K51: Pcs | M51: 1 | N51: 28260 | O51: NEWPLATE | P51: 27400.1 | Q51: 28260 | T51: 668.1 | U51: 191.8 | V51: 2 | W51: VT-HV-TT-002 | X51: 10626-051 DG SÂN VẬN ĐỘNG HÙNG VƯƠNG
A52: 14 | B52: 10626-051 | C52: VT-HV-TT-002-PINX01_Y21-Y22-Q355-SP120-002 | D52: CHÂN PIN MB1 PIN2 (X01/Y21-Y22)-REV04 | E52: PLATE | F52: Q355 | G52: 120x716x2275 | H52: 120 | I52: 716 | J52: 2275 | K52: Pcs | M52: 1 | N52: 931.45 | O52: VT-HV-TT-001-CHANPINX30/Y21-Y22-Q355-SP120-021_1A | P52: 555.99 | R52: 931.45 | T52: 371.57 | U52: 3.89 | V52: 2 | W52: VT-HV-TT-002 | X52: 10626-051 DG SÂN VẬN ĐỘNG HÙNG VƯƠNG
A53: 15 | B53: 10626-051 | C53: VT-HV-TT-002-PINX01_Y21-Y22-Q355-SP120-003 | D53: CHÂN PIN MB1 PIN2 (X01/Y21-Y22)-REV04 | E53: PLATE | F53: Q355 | G53: 120x900x976 | H53: 120 | I53: 900 | J53: 976 | K53: Pcs | M53: 1 | N53: 675.12 | O53: VT-HV-TT-001-CHANPINX30/Y21-Y22-Q355-SP120-012_1A | P53: 436.09 | R53: 675.12 | T53: 235.98 | U53: 3.05 | V53: 2 | W53: VT-HV-TT-002 | X53: 10626-051 DG SÂN VẬN ĐỘNG HÙNG VƯƠNG
A54: 16 | B54: 10626-051 | C54: VT-HV-TT-002-PINX01_Y21-Y22-Q355-SP120-004 | D54: CHÂN PIN MB1 PIN2 (X01/Y21-Y22)-REV04 | E54: PLATE | F54: Q355 | G54: 120x716x2275 | H54: 120 | I54: 716 | J54: 2275 | K54: Pcs | M54: 1 | N54: 931.45 | O54: VT-HV-TT-001-CHANPINX30/Y21-Y22-Q355-SP120-020_1A | P54: 458.37 | R54: 931.45 | T54: 469.87 | U54: 3.21 | V54: 2 | W54: VT-HV-TT-002 | X54: 10626-051 DG SÂN VẬN ĐỘNG HÙNG VƯƠNG
A55: 17 | B55: 10626-051 | C55: VT-HV-TT-002-PINX01_Y21-Y22-Q355-SP120-005 | D55: CHÂN PIN MB1 PIN2 (X01/Y21-Y22)-REV04 | E55: PLATE | F55: Q355 | G55: 120x1023x1696 | H55: 120 | I55: 1023 | J55: 1696 | K55: Pcs | M55: 1 | N55: 552.09 | O55: VT-HV-TT-001-CHANPINX30/Y21-Y22-Q355-SP120-022_1B | P55: 162.09 | R55: 552.09 | T55: 388.87 | U55: 1.13 | V55: 2 | W55: VT-HV-TT-002 | X55: 10626-051 DG SÂN VẬN ĐỘNG HÙNG VƯƠNG
A56: 18 | B56: 10626-051 | C56: VT-HV-TT-002-PINX01_Y21-Y22-Q355-SP120-006 | D56: CHÂN PIN MB1 PIN2 (X01/Y21-Y22)-REV04 | E56: PLATE | F56: Q355 | G56: 120x766x2664 | H56: 120 | I56: 766 | J56: 2664 | K56: Pcs | M56: 1 | N56: 1240.44 | O56: VT-HV-TT-001-CHANPINX30/Y21-Y22-Q355-SP120-022_1C | P56: 732.37 | R56: 1240.44 | T56: 502.94 | U56: 5.13 | V56: 2 | W56: VT-HV-TT-002 | X56: 10626-051 DG SÂN VẬN ĐỘNG HÙNG VƯƠNG
A57: 19 | B57: 10626-051 | C57: VT-HV-TT-002-PINX01_Y21-Y22-Q355-SP120-007 | D57: CHÂN PIN MB1 PIN2 (X01/Y21-Y22)-REV04 | E57: PLATE | F57: Q355 | G57: 120x1003x1641 | H57: 120 | I57: 1003 | J57: 1641 | K57: Pcs | M57: 1 | N57: 538.01 | O57: VT-HV-TT-001-CHANPINX30/Y21-Y22-Q355-SP120-020_1B | P57: 162.09 | R57: 538.01 | T57: 374.79 | U57: 1.13 | V57: 2 | W57: VT-HV-TT-002 | X57: 10626-051 DG SÂN VẬN ĐỘNG HÙNG VƯƠNG
A58: 20 | B58: 10626-051 | C58: VT-HV-TT-002-PINX01_Y21-Y22-Q355-SP120-008 | D58: CHÂN PIN MB1 PIN2 (X01/Y21-Y22)-REV04 | E58: PLATE | F58: Q355 | G58: 120x716x2198 | H58: 120 | I58: 716 | J58: 2198 | K58: Pcs | M58: 1 | N58: 923.62 | O58: VT-HV-TT-001-CHANPINX30/Y21-Y22-Q355-SP120-020_1C | P58: 458.37 | R58: 923.62 | T58: 462.04 | U58: 3.21 | V58: 2 | W58: VT-HV-TT-002 | X58: 10626-051 DG SÂN VẬN ĐỘNG HÙNG VƯƠNG
A59: 21 | B59: 10626-051 | C59: VT-HV-TT-002-PINX01_Y21-Y22-Q355-SP120-009 | D59: CHÂN PIN MB1 PIN2 (X01/Y21-Y22)-REV04 | E59: PLATE | F59: Q355 | G59: 120x1003x1641 | H59: 120 | I59: 1003 | J59: 1641 | K59: Pcs | M59: 1 | N59: 538.01 | O59: VT-HV-TT-001-CHANPINX30/Y21-Y22-Q355-SP120-021_1B | P59: 162.09 | R59: 538.01 | T59: 374.79 | U59: 1.13 | V59: 2 | W59: VT-HV-TT-002 | X59: 10626-051 DG SÂN VẬN ĐỘNG HÙNG VƯƠNG
A60: 22 | B60: 10626-051 | C60: VT-HV-TT-002-PINX01_Y21-Y22-Q355-SP120-010 | D60: CHÂN PIN MB1 PIN2 (X01/Y21-Y22)-REV04 | E60: PLATE | F60: Q355 | G60: 120x766x2546 | H60: 120 | I60: 766 | J60: 2546 | K60: Pcs | M60: 1 | N60: 1226.46 | O60: VT-HV-TT-001-CHANPINX30/Y21-Y22-Q355-SP120-022_1A | P60: 732.37 | R60: 1226.46 | T60: 488.96 | U60: 5.13 | V60: 2 | W60: VT-HV-TT-002 | X60: 10626-051 DG SÂN VẬN ĐỘNG HÙNG VƯƠNG
A61: 23 | B61: 10626-051 | C61: VT-HV-TT-002-PINX01_Y21-Y22-Q355-SP120-011 | D61: CHÂN PIN MB1 PIN2 (X01/Y21-Y22)-REV04 | E61: PLATE | F61: Q355 | G61: 120x716x2198 | H61: 120 | I61: 716 | J61: 2198 | K61: Pcs | M61: 1 | N61: 923.62 | O61: VT-HV-TT-001-CHANPINX30/Y21-Y22-Q355-SP120-021_1C | P61: 410.57 | R61: 923.62 | T61: 510.18 | U61: 2.87 | V61: 2 | W61: VT-HV-TT-002 | X61: 10626-051 DG SÂN VẬN ĐỘNG HÙNG VƯƠNG
A62: 24 | B62: 10626-051 | C62: VT-HV-TT-002-PINX01_Y21-Y22-Q355-SP120-012 | D62: CHÂN PIN MB1 PIN2 (X01/Y21-Y22)-REV04 | E62: PLATE | F62: Q355 | G62: 120x2092x2500 | H62: 120 | I62: 2092 | J62: 2500 | K62: Pcs | M62: 1 | N62: 2907.62 | O62: VT-HV-TT-001-CHANPINX30/Y21-Y22-Q355-SP120-018 | P62: 2508.09 | R62: 2907.62 | T62: 381.97 | U62: 17.56 | V62: 2 | W62: VT-HV-TT-002 | X62: 10626-051 DG SÂN VẬN ĐỘNG HÙNG VƯƠNG
A63: 25 | B63: 10626-051 | C63: VT-HV-TT-002-PINX01_Y21-Y22-Q355-SP120-013 | D63: CHÂN PIN MB1 PIN2 (X01/Y21-Y22)-REV04 | E63: PLATE | F63: Q355 | G63: 120x2300x3000 | H63: 120 | I63: 2300 | J63: 3000 | K63: Pcs | M63: 1 | N63: 5504.73 | O63: VT-HV-TT-001-CHANPINX30/Y21-Y22-Q355-SP120-020_1D | P63: 4687.66 | R63: 5504.73 | T63: 784.26 | U63: 32.81 | V63: 2 | W63: VT-HV-TT-002 | X63: 10626-051 DG SÂN VẬN ĐỘNG HÙNG VƯƠNG
... A67: 29 | B67: 10626-051 | C67: VT-HV-TT-002-PINX01_Y21-Y22-Q355-SP120-017 | D67: CHÂN PIN MB1 PIN2 (X01/Y21-Y22)-REV04 | E67: PLATE | F67: Q355 | G67: 120x2300x7157 | H67: 120 | I67: 2300 | J67: 7157 | K67: Pcs | M67: 1 | N67: 11426.4 | O67: VT-HV-TT-001-CHANPINX30/Y21-Y22-Q355-SP120-012_1B | P67: 9962.19 | R67: 11426.4 | T67: 1394.47 | U67: 69.74 | V67: 2 | W67: VT-HV-TT-002 | X67: 10626-051 DG SÂN VẬN ĐỘNG HÙNG VƯƠNG
A68: 30 | B68: 10626-051 | C68: VT-HV-TT-002-PINX01_Y21-Y22-Q355-SP120-018 | D68: CHÂN PIN MB1 PIN2 (X01/Y21-Y22)-REV04 | E68: PLATE | F68: Q355 | G68: 120x2300x12000 | H68: 120 | I68: 2300 | J68: 12000 | K68: Pcs | M68: 1 | N68: 25999.2 | O68: NEWPLATE | P68: 25272.46 | Q68: 25999.2 | T68: 549.83 | U68: 176.91 | V68: 2 | W68: VT-HV-TT-002 | X68: 10626-051 DG SÂN VẬN ĐỘNG HÙNG VƯƠNG
A69: 31 | B69: 10626-051 | C69: VT-HV-TT-002-PINX01_Y21-Y22-Q355-SP120-019 | D69: CHÂN PIN MB1 PIN2 (X01/Y21-Y22)-REV04 | E69: PLATE | F69: Q355 | G69: 120x2800x11000 | H69: 120 | I69: 2800 | J69: 11000 | K69: Pcs | M69: 1 | N69: 29013.6 | O69: NEWPLATE | P69: 26503.21 | Q69: 29013.6 | S69: 1225.79 | T69: 1099.08 | U69: 185.52 | V69: 2 | W69: VT-HV-TT-002 | X69: 10626-051 DG SÂN VẬN ĐỘNG HÙNG VƯƠNG
A70: 32 | B70: 10626-051 | C70: VT-HV-TT-002-PINX01_Y21-Y22-Q355-SP120-020 | D70: CHÂN PIN MB1 PIN2 (X01/Y21-Y22)-REV04 | E70: PLATE | F70: Q355 | G70: 120x2300x12000 | H70: 120 | I70: 2300 | J70: 12000 | K70: Pcs | M70: 1 | N70: 25999.2 | O70: NEWPLATE | P70: 25709.31 | Q70: 25999.2 | T70: 109.92 | U70: 179.97 | V70: 2 | W70: VT-HV-TT-002 | X70: 10626-051 DG SÂN VẬN ĐỘNG HÙNG VƯƠNG
A71: 33 | B71: 10626-051 | C71: VT-HV-TT-002-PINX01_Y21-Y22-Q355-SP120-021 | D71: CHÂN PIN MB1 PIN2 (X01/Y21-Y22)-REV04 | E71: PLATE | F71: Q355 | G71: 120x2500x13000 | H71: 120 | I71: 2500 | J71: 13000 | K71: Pcs | M71: 1 | N71: 30615 | O71: NEWPLATE | P71: 28975.46 | Q71: 30615 | T71: 1436.71 | U71: 202.83 | V71: 2 | W71: VT-HV-TT-002 | X71: 10626-051 DG SÂN VẬN ĐỘNG HÙNG VƯƠNG
A72: 34 | B72: 10626-051 | C72: VT-HV-TT-002-PINX01_Y21-Y22-Q355-SP120-022 | D72: CHÂN PIN MB1 PIN2 (X01/Y21-Y22)-REV04 | E72: PLATE | F72: Q355 | G72: 120x2500x12000 | H72: 120 | I72: 2500 | J72: 12000 | K72: Pcs | M72: 1 | N72: 28260 | O72: NEWPLATE | P72: 27174.52 | Q72: 28260 | T72: 895.26 | U72: 190.22 | V72: 2 | W72: VT-HV-TT-002 | X72: 10626-051 DG SÂN VẬN ĐỘNG HÙNG VƯƠNG
A73: 35 | B73: 10626-051 | C73: VT-HV-TT-002-PINX01_Y21-Y22-Q355-SP120-023 | D73: CHÂN PIN MB1 PIN2 (X01/Y21-Y22)-REV04 | E73: PLATE | F73: Q355 | G73: 120x2500x12000 | H73: 120 | I73: 2500 | J73: 12000 | K73: Pcs | M73: 1 | N73: 28260 | O73: NEWPLATE | P73: 26666.47 | Q73: 28260 | T73: 1406.86 | U73: 186.67 | V73: 2 | W73: VT-HV-TT-002 | X73: 10626-051 DG SÂN VẬN ĐỘNG HÙNG VƯƠNG
A74: 36 | B74: 10626-051 | C74: VT-HV-TT-002-PINX01_Y21-Y22-Q355-SP120-024 | D74: CHÂN PIN MB1 PIN2 (X01/Y21-Y22)-REV04 | E74: PLATE | F74: Q355 | G74: 120x2050x12000 | H74: 120 | I74: 2050 | J74: 12000 | K74: Pcs | M74: 1 | N74: 23173.2 | O74: NEWPLATE | P74: 22423.75 | Q74: 23173.2 | T74: 592.48 | U74: 156.97 | V74: 2 | W74: VT-HV-TT-002 | X74: 10626-051 DG SÂN VẬN ĐỘNG HÙNG VƯƠNG
A75: 37 | B75: 10626-051 | C75: VT-HV-TT-002-PINX01_Y21-Y22-Q355-SP120-025 | D75: CHÂN PIN MB1 PIN2 (X01/Y21-Y22)-REV04 | E75: PLATE | F75: Q355 | G75: 120x2300x12000 | H75: 120 | I75: 2300 | J75: 12000 | K75: Pcs | M75: 1 | N75: 25999.2 | O75: NEWPLATE | P75: 23031.41 | Q75: 25999.2 | T75: 2806.57 | U75: 161.22 | V75: 2 | W75: VT-HV-TT-002 | X75: 10626-051 DG SÂN VẬN ĐỘNG HÙNG VƯƠNG
A76: 38 | B76: 10626-051 | C76: VT-HV-TT-002-PINX01_Y21-Y22-Q355-SP120-026 | D76: CHÂN PIN MB1 PIN2 (X01/Y21-Y22)-REV04 | E76: PLATE | F76: Q355 | G76: 120x2500x13000 | H76: 120 | I76: 2500 | J76: 13000 | K76: Pcs | M76: 1 | N76: 30615 | O76: NEWPLATE | P76: 28951.92 | Q76: 30615 | T76: 1460.42 | U76: 202.66 | V76: 2 | W76: VT-HV-TT-002 | X76: 10626-051 DG SÂN VẬN ĐỘNG HÙNG VƯƠNG
A77: 39 | B77: 10626-051 | C77: VT-HV-TT-002-PINX01_Y21-Y22-Q355-SP120-027 | D77: CHÂN PIN MB1 PIN2 (X01/Y21-Y22)-REV04 | E77: PLATE | F77: Q355 | G77: 120x2550x11000 | H77: 120 | I77: 2550 | J77: 11000 | K77: Pcs | M77: 1 | N77: 26423.1 | O77: NEWPLATE | P77: 21327.12 | Q77: 26423.1 | T77: 4946.69 | U77: 149.29 | V77: 2 | W77: VT-HV-TT-002 | X77: 10626-051 DG SÂN VẬN ĐỘNG HÙNG VƯƠNG
A78: 40 | B78: 10626-051 | C78: VT-HV-TT-002-PINX01_Y21-Y22-Q355-SP120-028 | D78: CHÂN PIN MB1 PIN2 (X01/Y21-Y22)-REV04 | E78: PLATE | F78: Q355 | G78: 120x2300x12000 | H78: 120 | I78: 2300 | J78: 12000 | K78: Pcs | M78: 1 | N78: 25999.2 | O78: NEWPLATE | P78: 22478.85 | Q78: 25999.2 | S78: 1012.05 | T78: 2350.95 | U78: 157.35 | V78: 2 | W78: VT-HV-TT-002 | X78: 10626-051 DG SÂN VẬN ĐỘNG HÙNG VƯƠNG
A79: 41 | B79: 10626-051 | C79: VT-HV-TT-002-PINX01_Y21-Y22-Q355-SP120-029 | D79: CHÂN PIN MB1 PIN2 (X01/Y21-Y22)-REV04 | E79: PLATE | F79: Q355 | G79: 120x2500x12000 | H79: 120 | I79: 2500 | J79: 12000 | K79: Pcs | M79: 1 | N79: 28260 | O79: NEWPLATE | P79: 26671.65 | Q79: 28260 | T79: 1401.65 | U79: 186.7 | V79: 2 | W79: VT-HV-TT-002 | X79: 10626-051 DG SÂN VẬN ĐỘNG HÙNG VƯƠNG
A80: 42 | B80: 10626-051 | C80: VT-HV-TT-002-PINX01_Y21-Y22-Q355-SP120-030 | D80: CHÂN PIN MB1 PIN2 (X01/Y21-Y22)-REV04 | E80: PLATE | F80: Q355 | G80: 120x2500x12000 | H80: 120 | I80: 2500 | J80: 12000 | K80: Pcs | M80: 1 | N80: 28260 | O80: NEWPLATE | P80: 26855.17 | Q80: 28260 | T80: 1216.84 | U80: 187.99 | V80: 2 | W80: VT-HV-TT-002 | X80: 10626-051 DG SÂN VẬN ĐỘNG HÙNG VƯƠNG
A81: 43 | B81: 10626-051 | C81: VT-HV-TT-002-PINX01_Y21-Y22-Q355-SP120-031 | D81: CHÂN PIN MB1 PIN2 (X01/Y21-Y22)-REV04 | E81: PLATE | F81: Q355 | G81: 120x2300x12000 | H81: 120 | I81: 2300 | J81: 12000 | K81: Pcs | M81: 1 | N81: 25999.2 | O81: NEWPLATE | P81: 17607.03 | Q81: 25999.2 | S81: 7045.7 | T81: 1223.22 | U81: 123.25 | V81: 2 | W81: VT-HV-TT-002 | X81: 10626-051 DG SÂN VẬN ĐỘNG HÙNG VƯƠNG
A82: 44 | B82: 10626-051 | C82: VT-HV-TT-002-PINX01_Y21-Y22-Q355-SP120-032 | D82: CHÂN PIN MB1 PIN2 (X01/Y21-Y22)-REV04 | E82: PLATE | F82: Q355 | G82: 120x2300x12000 | H82: 120 | I82: 2300 | J82: 12000 | K82: Pcs | M82: 1 | N82: 25999.2 | O82: NEWPLATE | P82: 16595.59 | Q82: 25999.2 | S82: 7978.18 | T82: 1309.26 | U82: 116.17 | V82: 2 | W82: VT-HV-TT-002 | X82: 10626-051 DG SÂN VẬN ĐỘNG HÙNG VƯƠNG
A83: 45 | B83: 10626-051 | C83: VT-HV-TT-002-PINX01_Y21-Y22-Q355-SP120-033 | D83: CHÂN PIN MB1 PIN2 (X01/Y21-Y22)-REV04 | E83: PLATE | F83: Q355 | G83: 120x2300x12000 | H83: 120 | I83: 2300 | J83: 12000 | K83: Pcs | M83: 1 | N83: 25999.2 | O83: NEWPLATE | P83: 16595.59 | Q83: 25999.2 | S83: 7978.18 | T83: 1309.26 | U83: 116.17 | V83: 2 | W83: VT-HV-TT-002 | X83: 10626-051 DG SÂN VẬN ĐỘNG HÙNG VƯƠNG
A84: 46 | B84: 10626-051 | C84: VT-HV-TT-002-PINX01_Y21-Y22-Q355-SP120-034 | D84: CHÂN PIN MB1 PIN2 (X01/Y21-Y22)-REV04 | E84: PLATE | F84: Q355 | G84: 120x2550x11000 | H84: 120 | I84: 2550 | J84: 11000 | K84: Pcs | M84: 1 | N84: 26423.1 | O84: NEWPLATE | P84: 18264.78 | Q84: 26423.1 | S84: 3260.07 | T84: 4770.4 | U84: 127.85 | V84: 2 | W84: VT-HV-TT-002 | X84: 10626-051 DG SÂN VẬN ĐỘNG HÙNG VƯƠNG | Y84: REV04 | Z84: TRUNG | AA84: 2500x120x13050
A85: 47 | B85: 10626-051 | C85: VT-HV-TT-002-PINX01_Y21-Y22-Q355-SP120-035 | D85: CHÂN PIN MB1 PIN2 (X01/Y21-Y22)-REV04 | E85: PLATE | F85: Q355 | G85: 120x2500x12000 | H85: 120 | I85: 2500 | J85: 12000 | K85: Pcs | M85: 1 | N85: 28260 | O85: NEWPLATE | P85: 26779.73 | Q85: 28260 | T85: 1292.81 | U85: 187.46 | V85: 2 | W85: VT-HV-TT-002 | X85: 10626-051 DG SÂN VẬN ĐỘNG HÙNG VƯƠNG
A86: 48 | B86: 10626-051 | C86: VT-HV-TT-002-PINX01_Y21-Y22-Q355-SP120-036 | D86: CHÂN PIN MB1 PIN2 (X01/Y21-Y22)-REV04 | E86: PLATE | F86: Q355 | G86: 120x2040x8880 | H86: 120 | I86: 2040 | J86: 8880 | K86: Pcs | M86: 1 | N86: 14087.8 | O86: NEWPLATE | P86: 11905.51 | Q86: 14087.8 | S86: 943.4 | T86: 1155.55 | U86: 83.34 | V86: 2 | W86: VT-HV-TT-002 | X86: 10626-051 DG SÂN VẬN ĐỘNG HÙNG VƯƠNG
A87: 49 | B87: 10626-051 | C87: VT-HV-TT-002-PINX01_Y21-Y22-Q355-SP120-037 | D87: CHÂN PIN MB1 PIN2 (X01/Y21-Y22)-REV04 | E87: PLATE | F87: Q355 | G87: 120x2800x11000 | H87: 120 | I87: 2800 | J87: 11000 | K87: Pcs | M87: 1 | N87: 29013.6 | O87: NEWPLATE | P87: 18256.13 | Q87: 29013.6 | S87: 7769.98 | T87: 2859.7 | U87: 127.79 | V87: 2 | W87: VT-HV-TT-002 | X87: 10626-051 DG SÂN VẬN ĐỘNG HÙNG VƯƠNG
A88: 50 | B88: 10626-051 | C88: VT-HV-TT-002-PINX01_Y21-Y22-Q355-SP120-038 | D88: CHÂN PIN MB1 PIN2 (X01/Y21-Y22)-REV04 | E88: PLATE | F88: Q355 | G88: 120x2550x11000 | H88: 120 | I88: 2550 | J88: 11000 | K88: Pcs | M88: 1 | N88: 26423.1 | O88: NEWPLATE | P88: 5391.81 | Q88: 26423.1 | S88: 19875.64 | T88: 1117.91 | U88: 37.74 | V88: 2 | W88: VT-HV-TT-002 | X88: 10626-051 DG SÂN VẬN ĐỘNG HÙNG VƯƠNG | Y88: REV04 | Z88: TRUNG | AA88: 2500x120x13050
A89: 1 | B89: 10626-051 | C89: VT-HV-TT-004-GN-Q355-SP12-001 | D89: HỆ GIÀN NÂNG CỤM 3A đến Cos 105m 36 CHÂN + 50MMX12000X100 RAY CẨU TRỤC | E89: PLATE | F89: Q355 | G89: 12x1500x5780 | H89: 12 | I89: 1500 | J89: 5780 | K89: Pcs | M89: 1 | N89: 816.71 | O89: VT-HV-TT-003-GN-Q355-SP12-002 | P89: 774.14 | R89: 816.71 | T89: 37.15 | U89: 5.42 | V89: 4 | W89: VT-HV-TT-004 | X89: 10626-051 DG SÂN VẬN ĐỘNG HÙNG VƯƠNG
A90: 2 | B90: 10626-051 | C90: VT-HV-TT-004-GN-Q355-SP12-002 | D90: HỆ GIÀN NÂNG CỤM 3A đến Cos 105m 36 CHÂN + 50MMX12000X100 RAY CẨU TRỤC | E90: PLATE | F90: Q355 | G90: 12x1500x12000 | H90: 12 | I90: 1500 | J90: 12000 | K90: Pcs | M90: 1 | N90: 1695.6 | O90: NEWPLATE | P90: 1570.3 | Q90: 1695.6 | T90: 114.31 | U90: 10.99 | V90: 4 | W90: VT-HV-TT-004 | X90: 10626-051 DG SÂN VẬN ĐỘNG HÙNG VƯƠNG
A91: 3 | B91: 10626-051 | C91: VT-HV-TT-004-GN-Q355-SP12-003 | D91: HỆ GIÀN NÂNG CỤM 3A đến Cos 105m 36 CHÂN + 50MMX12000X100 RAY CẨU TRỤC | E91: PLATE | F91: Q355 | G91: 12x1500x12000 | H91: 12 | I91: 1500 | J91: 12000 | K91: Pcs | M91: 1 | N91: 1695.6 | O91: NEWPLATE | P91: 1581.64 | Q91: 1695.6 | T91: 102.89 | U91: 11.07 | V91: 4 | W91: VT-HV-TT-004 | X91: 10626-051 DG SÂN VẬN ĐỘNG HÙNG VƯƠNG
A92: 4 | B92: 10626-051 | C92: VT-HV-TT-004-GN-Q355-SP12-004 | D92: HỆ GIÀN NÂNG CỤM 3A đến Cos 105m 36 CHÂN + 50MMX12000X100 RAY CẨU TRỤC | E92: PLATE | F92: Q355 | G92: 12x1500x12000 | H92: 12 | I92: 1500 | J92: 12000 | K92: Pcs | M92: 1 | N92: 1695.6 | O92: NEWPLATE | P92: 1045.29 | Q92: 1695.6 | S92: 552.94 | T92: 90.05 | U92: 7.32 | V92: 4 | W92: VT-HV-TT-004 | X92: 10626-051 DG SÂN VẬN ĐỘNG HÙNG VƯƠNG
A93: 5 | B93: 10626-051 | C93: VT-HV-TT-004-GN-Q355-SP16-001 | D93: HỆ GIÀN NÂNG CỤM 3A đến Cos 105m 36 CHÂN + 50MMX12000X100 RAY CẨU TRỤC | E93: PLATE | F93: Q355 | G93: 16x284x4439 | H93: 16 | I93: 284 | J93: 4439 | K93: Pcs | M93: 1 | N93: 158.32 | O93: VT-NCC-TT-013-S355J2-SP16-045 | P93: 149.1 | R93: 158.32 | T93: 8.18 | U93: 1.04 | V93: 4 | W93: VT-HV-TT-004 | X93: 10626-051 DG SÂN VẬN ĐỘNG HÙNG VƯƠNG
A94: 6 | B94: 10626-051 | C94: VT-HV-TT-004-GN-Q355-SP20-001 | D94: HỆ GIÀN NÂNG CỤM 3A đến Cos 105m 36 CHÂN + 50MMX12000X100 RAY CẨU TRỤC | E94: PLATE | F94: Q355 | G94: 20x2000x12000 | H94: 20 | I94: 2000 | J94: 12000 | K94: Pcs | M94: 1 | N94: 3768 | O94: NEWPLATE | P94: 3644.9 | Q94: 3768 | T94: 97.59 | U94: 25.51 | V94: 4 | W94: VT-HV-TT-004 | X94: 10626-051 DG SÂN VẬN ĐỘNG HÙNG VƯƠNG
A95: 7 | B95: 10626-051 | C95: VT-HV-TT-004-GN-Q355-SP20-002 | D95: HỆ GIÀN NÂNG CỤM 3A đến Cos 105m 36 CHÂN + 50MMX12000X100 RAY CẨU TRỤC | E95: PLATE | F95: Q355 | G95: 20x2000x12000 | H95: 20 | I95: 2000 | J95: 12000 | K95: Pcs | M95: 1 | N95: 3768 | O95: NEWPLATE | P95: 3636.97 | Q95: 3768 | T95: 105.57 | U95: 25.46 | V95: 4 | W95: VT-HV-TT-004 | X95: 10626-051 DG SÂN VẬN ĐỘNG HÙNG VƯƠNG
A96: 8 | B96: 10626-051 | C96: VT-HV-TT-004-GN-Q355-SP20-003 | D96: HỆ GIÀN NÂNG CỤM 3A đến Cos 105m 36 CHÂN + 50MMX12000X100 RAY CẨU TRỤC | E96: PLATE | F96: Q355 | G96: 20x2000x12000 | H96: 20 | I96: 2000 | J96: 12000 | K96: Pcs | M96: 1 | N96: 3768 | O96: NEWPLATE | P96: 3642.77 | Q96: 3768 | T96: 99.73 | U96: 25.5 | V96: 4 | W96: VT-HV-TT-004 | X96: 10626-051 DG SÂN VẬN ĐỘNG HÙNG VƯƠNG
A97: 9 | B97: 10626-051 | C97: VT-HV-TT-004-GN-Q355-SP20-004 | D97: HỆ GIÀN NÂNG CỤM 3A đến Cos 105m 36 CHÂN + 50MMX12000X100 RAY CẨU TRỤC | E97: PLATE | F97: Q355 | G97: 20x2000x12000 | H97: 20 | I97: 2000 | J97: 12000 | K97: Pcs | M97: 1 | N97: 3768 | O97: NEWPLATE | P97: 3632.35 | Q97: 3768 | T97: 110.22 | U97: 25.43 | V97: 4 | W97: VT-HV-TT-004 | X97: 10626-051 DG SÂN VẬN ĐỘNG HÙNG VƯƠNG
A98: 10 | B98: 10626-051 | C98: VT-HV-TT-004-GN-Q355-SP20-005 | D98: HỆ GIÀN NÂNG CỤM 3A đến Cos 105m 36 CHÂN + 50MMX12000X100 RAY CẨU TRỤC | E98: PLATE | F98: Q355 | G98: 20x2000x12000 | H98: 20 | I98: 2000 | J98: 12000 | K98: Pcs | M98: 1 | N98: 3768 | O98: NEWPLATE | P98: 3647.37 | Q98: 3768 | T98: 95.1 | U98: 25.53 | V98: 4 | W98: VT-HV-TT-004 | X98: 10626-051 DG SÂN VẬN ĐỘNG HÙNG VƯƠNG
A99: 11 | B99: 10626-051 | C99: VT-HV-TT-004-GN-Q355-SP20-006 | D99: HỆ GIÀN NÂNG CỤM 3A đến Cos 105m 36 CHÂN + 50MMX12000X100 RAY CẨU TRỤC | E99: PLATE | F99: Q355 | G99: 20x2000x12000 | H99: 20 | I99: 2000 | J99: 12000 | K99: Pcs | M99: 1 | N99: 3768 | O99: NEWPLATE | P99: 3626.94 | Q99: 3768 | T99: 115.67 | U99: 25.39 | V99: 4 | W99: VT-HV-TT-004 | X99: 10626-051 DG SÂN VẬN ĐỘNG HÙNG VƯƠNG
A100: 12 | B100: 10626-051 | C100: VT-HV-TT-004-GN-Q355-SP20-007 | D100: HỆ GIÀN NÂNG CỤM 3A đến Cos 105m 36 CHÂN + 50MMX12000X100 RAY CẨU TRỤC | E100: PLATE | F100: Q355 | G100: 20x2000x12000 | H100: 20 | I100: 2000 | J100: 12000 | K100: Pcs | M100: 1 | N100: 3768 | O100: NEWPLATE | P100: 3648.75 | Q100: 3768 | T100: 93.71 | U100: 25.54 | V100: 4 | W100: VT-HV-TT-004 | X100: 10626-051 DG SÂN VẬN ĐỘNG HÙNG VƯƠNG
A101: 13 | B101: 10626-051 | C101: VT-HV-TT-004-GN-Q355-SP20-008 | D101: HỆ GIÀN NÂNG CỤM 3A đến Cos 105m 36 CHÂN + 50MMX12000X100 RAY CẨU TRỤC | E101: PLATE | F101: Q355 | G101: 20x2000x12000 | H101: 20 | I101: 2000 | J101: 12000 | K101: Pcs | M101: 1 | N101: 3768 | O101: NEWPLATE | P101: 3633.62 | Q101: 3768 | T101: 108.94 | U101: 25.44 | V101: 4 | W101: VT-HV-TT-004 | X101: 10626-051 DG SÂN VẬN ĐỘNG HÙNG VƯƠNG
A102: 14 | B102: 10626-051 | C102: VT-HV-TT-004-GN-Q355-SP20-009 | D102: HỆ GIÀN NÂNG CỤM 3A đến Cos 105m 36 CHÂN + 50MMX12000X100 RAY CẨU TRỤC | E102: PLATE | F102: Q355 | G102: 20x2000x12000 | H102: 20 | I102: 2000 | J102: 12000 | K102: Pcs | M102: 1 | N102: 3768 | O102: NEWPLATE | P102: 3653.82 | Q102: 3768 | T102: 88.6 | U102: 25.58 | V102: 4 | W102: VT-HV-TT-004 | X102: 10626-051 DG SÂN VẬN ĐỘNG HÙNG VƯƠNG
A103: 15 | B103: 10626-051 | C103: VT-HV-TT-004-GN-Q355-SP20-010 | D103: HỆ GIÀN NÂNG CỤM 3A đến Cos 105m 36 CHÂN + 50MMX12000X100 RAY CẨU TRỤC | E103: PLATE | F103: Q355 | G103: 20x2000x12000 | H103: 20 | I103: 2000 | J103: 12000 | K103: Pcs | M103: 1 | N103: 3768 | O103: NEWPLATE | P103: 3636.97 | Q103: 3768 | T103: 105.57 | U103: 25.46 | V103: 4 | W103: VT-HV-TT-004 | X103: 10626-051 DG SÂN VẬN ĐỘNG HÙNG VƯƠNG
...

Sheet Hao hut vat tu
A1: Thông Tin Dự Án | C1: =IF(LEN('List chi tiet'!$B$3)=0,"",'List chi tiet'!$B$3) -> 10626-051 | I1: Số Liệu Trung Bình Cho Dự Án | K1: =IF(LEN('List chi tiet'!$B$3)=0,"",'List chi tiet'!$B$3) -> 10626-051 | L1: ĐVT | O1: =IFERROR(IF(C1="Total",#REF!,IF(C1<>"Total",MID(C1, FIND("@", SUBSTITUTE(C1, "-", "@", 4)) + 1, FIND("@", SUBSTITUTE(C1, "-", "@", LEN(C1) - LEN(SUBSTITUTE(C1, "-", "")))) - FIND("@", SUBSTITUTE(C1, "-", "@", 4)) - 1))),"")
A2: Project: | I2: Tổng Thành Phẩm (Total Nesting) : | K2: =SUBTOTAL(109, F13:F99999) -> 150089.75 | L2: kg
A3: Phase: | C3: =IFERROR(INDEX(O13:O99929, MATCH(1, INDEX(SUBTOTAL(3, OFFSET(O13, ROW(O13:O99929)-ROW(O13), 0)), 0), 0)),"") -> GIAN NANG 3A-UT1 | I3: Tổng Tấm Mới Cấp Vào (New Plate) : | K3: =SUBTOTAL(109, D13:D99999) -> 169512.9 | L3: kg
A4: OMS: | I4: Tổng Remain Cấp Vào (Remain In) : | K4: =SUBTOTAL(109, E13:E99999) -> 23786.72 | L4: kg
A5: Nesting: | I5: Tổng Remain Sinh Ra (Remain Out): | K5: =SUBTOTAL(109, G13:G99999) -> 29469.6 | L5: kg
A6: LSX | C6: =IFERROR(INDEX(M13:M99929, MATCH(1, INDEX(SUBTOTAL(3, OFFSET(M13, ROW(M13:M99929)-ROW(M13), 0)), 0), 0)),"") -> VT-HV-TT-085 | I6: % Remain: | K6: =IF(K2=0,0,K5/K2) -> 0.19634652 | L6: %
A7: Rev: | B7: 0 | I7: Tổng tiêu hao: | K7: =SUBTOTAL(109, I13:I99999) -> 1050.61 | L7: kg
A8: Date: | I8: Tổng Phế Liệu (Waste) : | K8: =SUBTOTAL(109, J13:J99999) -> 14184.71 | L8: kg
I9: % Phế Liệu (% Waste) : | K9: =IF(K2=0,0,K8/K2) -> 0.094508186 | L9: %
I10: Hao Hụt: | K10: =IF(K2=0,0,(K7+K8)/K2) -> 0.10150806 | L10: % | O10: =IFERROR(IF(C10="Total",O9,IF(C10<>"Total",MID(C10, FIND("@", SUBSTITUTE(C10, "-", "@", 4)) + 1, FIND("@", SUBSTITUTE(C10, "-", "@", LEN(C10) - LEN(SUBSTITUTE(C10, "-", "")))) - FIND("@", SUBSTITUTE(C10, "-", "@", 4)) - 1))),"")
A11: I. Số Liệu Chi Tiết Thép Tấm (Plate) | D11: =IF(C11<>"",SUBTOTAL(9,D10:D10),"") | E11: =IF(C11<>"",SUBTOTAL(9,E10:E10),"") | F11: =IF(C11<>"",SUBTOTAL(9,F10:F10),"") | G11: =IF(C11<>"",SUBTOTAL(9,G10:G10),"") | H11: =IF(C11<>"",IF(D11+E11>0, G11/(D11+E11), 0),"") | I11: =IF(C11<>"",SUBTOTAL(9,I10:I10),"") | J11: =IF(C11<>"",SUBTOTAL(9,J10:J10),"") | K11: =IF(C11<>"",IF(D11+E11>0, J11/(D11+E11), 0),"") | L11: =IF(C11<>"",IF(F11>0, J11/F11, 0),"") | M11: =IFERROR(IF(C11="Nesting No","LSX",IF(C11="Total",M10,TRIM(LEFT(C11,FIND("#",SUBSTITUTE(C11,"-","#",4))-1)))),"") | N11: =IFERROR(IF(C11="Nesting No","Lần B.Hành",VALUE(IF(C11="Total",N10,TRIM(RIGHT(SUBSTITUTE(M11,"-",REPT(" ",99)),99))))),"") | O11: =IFERROR(IF(C11="Nesting No","Hạng Mục",IF(C11="Total",O10,TRIM(MID(SUBSTITUTE(C11,"-",REPT(" ",LEN(C11))),4*LEN(C11)+1,LEN(C11))))),"")
A12: STT | B12: DÀY | C12: Nesting No | D12: Tấm mới (New Plate) | E12: Remain Sử Dụng(In) | F12: Thành Phẩm | G12: Remain Sinh Ra(Out) | H12: =IFERROR(IF(C12="Nesting No","%Remain",IF(D12+E12>0, G12/(D12+E12),"")),"") -> %Remain | I12: =IFERROR(IF(C12<>"",IF(C12="Nesting No","Tiêu Hao (kg)",ROUND(F12*0.1/100, 2)),""),"") -> Tiêu Hao (kg) | J12: =IFERROR(IF(C12<>"",IF(C12="Nesting No","Phế Liệu(Waste)",MAX(ROUND(D12+E12-F12-G12-I12, 2), 0)),""),"") -> Phế Liệu(Waste) | K12: =IFERROR(IF(C12="Nesting No","%Phế Liệu",IF(D12+E12>0, J12/(D12+E12),"")),"") -> %Phế Liệu | L12: =IFERROR(IF(C12="Nesting No","%Hao Hụt",IF(F12>0, J12/F12,"")),"") -> %Hao Hụt | M12: =IFERROR(IF(C12="Nesting No","LSX",IF(C12="Total",M11,TRIM(LEFT(C12,FIND("#",SUBSTITUTE(C12,"-","#",4))-1)))),"") -> LSX | N12: =IFERROR(IF(C12="Nesting No","Lần B.Hành",VALUE(IF(C12="Total",N11,TRIM(RIGHT(SUBSTITUTE(M12,"-",REPT(" ",99)),99))))),"") -> Lần B.Hành | O12: =IFERROR(IF(C12="Nesting No","Hạng Mục",IF(C12="Total",O11,TRIM(MID(SUBSTITUTE(C12,"-",REPT(" ",LEN(C12))),4*LEN(C12)+1,LEN(C12))))),"") -> Hạng Mục
A13: 1 | B13: PL25 | C13: VT-HV-TT-001-CHANPINX30/Y21-Y22-Q355-SP25-001 | D13: 5181 | E13: 0 | F13: 2378.55 | G13: 2618.76 | H13: 0.50545455 | I13: 16.65 | J13: 167.04 | K13: 0.03224088 | L13: 0.07022766 | M13: VT-HV-TT-001 | N13: 1 | O13: PIN MB1 PIN2 (X30/Y21-Y22)
A14: 2 | B14: PL30 | C14: VT-HV-TT-001-CHANPINX30/Y21-Y22-Q355-SP30-001 | D14: 5652 | E14: 0 | F14: 5027.2 | G14: 0 | H14: 0 | I14: 35.19 | J14: 589.61 | K14: 0.10431883 | L14: 0.11728398 | M14: VT-HV-TT-001 | N14: 1 | O14: PIN MB1 PIN2 (X30/Y21-Y22)
A15: 3 | B15: PL30 | C15: VT-HV-TT-001-CHANPINX30/Y21-Y22-Q355-SP30-002 | D15: 5652 | E15: 0 | F15: 4951.08 | G15: 0 | H15: 0 | I15: 34.66 | J15: 666.26 | K15: 0.1178804 | L15: 0.13456862 | M15: VT-HV-TT-001 | N15: 1 | O15: PIN MB1 PIN2 (X30/Y21-Y22)
A16: 4 | B16: PL30 | C16: VT-HV-TT-001-CHANPINX30/Y21-Y22-Q355-SP30-003 | D16: 5652 | E16: 0 | F16: 366.64 | G16: 5208.79 | H16: 0.92158351 | I16: 2.57 | J16: 74 | K16: 0.013092711 | L16: 0.20183286 | M16: VT-HV-TT-001 | N16: 1 | O16: PIN MB1 PIN2 (X30/Y21-Y22)
A17: 5 | B17: PL40 | C17: VT-HV-TT-001-CHANPINX30/Y21-Y22-Q355-SP40-001 | D17: 9420 | E17: 0 | F17: 2347.27 | G17: 6794.16 | H17: 0.72124841 | I17: 16.43 | J17: 262.14 | K17: 0.027828025 | L17: 0.11167867 | M17: VT-HV-TT-001 | N17: 1 | O17: PIN MB1 PIN2 (X30/Y21-Y22)
A18: 6 | B18: PL80 | C18: VT-HV-TT-001-CHANPINX30/Y21-Y22-Q355-SP80-001 | D18: 20724 | E18: 0 | F18: 19107.21 | G18: 0 | H18: 0 | I18: 133.75 | J18: 1483.04 | K18: 0.071561475 | L18: 0.077616774 | M18: VT-HV-TT-001 | N18: 1 | O18: PIN MB1 PIN2 (X30/Y21-Y22)
A19: 7 | B19: PL80 | C19: VT-HV-TT-001-CHANPINX30/Y21-Y22-Q355-SP80-002 | D19: 20724 | E19: 0 | F19: 19135.39 | G19: 0 | H19: 0 | I19: 133.95 | J19: 1454.66 | K19: 0.070192048 | L19: 0.076019355 | M19: VT-HV-TT-001 | N19: 1 | O19: PIN MB1 PIN2 (X30/Y21-Y22)
A20: 8 | B20: PL80 | C20: VT-HV-TT-001-CHANPINX30/Y21-Y22-Q355-SP80-003 | D20: 20724 | E20: 0 | F20: 20143.29 | G20: 0 | H20: 0 | I20: 141 | J20: 439.71 | K20: 0.021217429 | L20: 0.021829105 | M20: VT-HV-TT-001 | N20: 1 | O20: PIN MB1 PIN2 (X30/Y21-Y22)
A21: 9 | B21: PL80 | C21: VT-HV-TT-001-CHANPINX30/Y21-Y22-Q355-SP80-004 | D21: 20724 | E21: 0 | F21: 20003.5 | G21: 0 | H21: 0 | I21: 140.02 | J21: 580.48 | K21: 0.028010037 | L21: 0.029018922 | M21: VT-HV-TT-001 | N21: 1 | O21: PIN MB1 PIN2 (X30/Y21-Y22)
A22: 10 | B22: PL80 | C22: VT-HV-TT-001-CHANPINX30/Y21-Y22-Q355-SP80-005 | D22: 20724 | E22: 0 | F22: 20055.83 | G22: 0 | H22: 0 | I22: 140.39 | J22: 527.78 | K22: 0.025467091 | L22: 0.02631554 | M22: VT-HV-TT-001 | N22: 1 | O22: PIN MB1 PIN2 (X30/Y21-Y22)
A23: 11 | B23: PL80 | C23: VT-HV-TT-001-CHANPINX30/Y21-Y22-Q355-SP80-006 | D23: 20724 | E23: 0 | F23: 19526.2 | G23: 0 | H23: 0 | I23: 136.68 | J23: 1061.12 | K23: 0.051202471 | L23: 0.054343395 | M23: VT-HV-TT-001 | N23: 1 | O23: PIN MB1 PIN2 (X30/Y21-Y22)
A24: 12 | B24: PL80 | C24: VT-HV-TT-001-CHANPINX30/Y21-Y22-Q355-SP80-007 | D24: 20724 | E24: 0 | F24: 3465.71 | G24: 16994.09 | H24: 0.82001978 | I24: 24.26 | J24: 239.94 | K24: 0.011577881 | L24: 0.069232567 | M24: VT-HV-TT-001 | N24: 1 | O24: PIN MB1 PIN2 (X30/Y21-Y22)
... A46: 34 | B46: PL120 | C46: VT-HV-TT-001-CHANPINX30/Y21-Y22-Q355-SP120-022 | D46: 25999.2 | E46: 0 | F46: 17607.03 | G46: 7107.94 | H46: 0.27339072 | I46: 123.25 | J46: 1160.98 | K46: 0.044654451 | L46: 0.065938435 | M46: VT-HV-TT-001 | N46: 1 | O46: PIN MB1 PIN2 (X30/Y21-Y22)
A47: 1 | B47: PL25 | C47: VT-HV-TT-002-PINX01_Y21-Y22-Q355-SP25-001 | D47: 0 | E47: 2618.76 | F47: 2378.55 | G47: 0 | H47: 0 | I47: 16.65 | J47: 223.56 | K47: 0.085368648 | L47: 0.093990036 | M47: VT-HV-TT-002 | N47: 2 | O47: CHÂN PIN MB1 PIN2 (X01/Y21-Y22)-REV04 | P47: 314.02
A48: 2 | B48: PL30 | C48: VT-HV-TT-002-PINX01_Y21-Y22-Q355-SP30-001 | D48: 0 | E48: 5208.79 | F48: 4573.85 | G48: 0 | H48: 0 | I48: 32.02 | J48: 602.92 | K48: 0.11575049 | L48: 0.13181893 | M48: VT-HV-TT-002 | N48: 2 | O48: CHÂN PIN MB1 PIN2 (X01/Y21-Y22)-REV04 | P48: 511.18
A49: 3 | B49: PL30 | C49: VT-HV-TT-002-PINX01_Y21-Y22-Q355-SP30-002 | D49: 5652 | E49: 0 | F49: 1330.27 | G49: 4093.44 | H49: 0.72424628 | I49: 9.31 | J49: 218.98 | K49: 0.038743808 | L49: 0.1646132 | M49: VT-HV-TT-002 | N49: 2 | O49: CHÂN PIN MB1 PIN2 (X01/Y21-Y22)-REV04 | P49: 140.5
A50: 4 | B50: PL40 | C50: VT-HV-TT-002-PINX01_Y21-Y22-Q355B-SP40-001 | D50: 0 | E50: 6794.16 | F50: 961 | G50: 5206.04 | H50: 0.76625219 | I50: 6.73 | J50: 620.39 | K50: 0.091312245 | L50: 0.64556712 | M50: VT-HV-TT-002 | N50: 2 | O50: CHÂN PIN MB1 PIN2 (X01/Y21-Y22)-REV04 | P50: 97.07
A51: 5 | B51: PL80 | C51: VT-HV-TT-002-PINX01_Y21-Y22-Q355-SP80-001 | D51: 0 | E51: 16994.09 | F51: 15884.98 | G51: 0 | H51: 0 | I51: 111.19 | J51: 997.92 | K51: 0.058721591 | L51: 0.062821609 | M51: VT-HV-TT-002 | N51: 2 | O51: CHÂN PIN MB1 PIN2 (X01/Y21-Y22)-REV04 | P51: 106.45
A52: 6 | B52: PL80 | C52: VT-HV-TT-002-PINX01_Y21-Y22-Q355-SP80-002 | D52: 20724 | E52: 0 | F52: 19453.28 | G52: 0 | H52: 0 | I52: 136.17 | J52: 1134.55 | K52: 0.054745705 | L52: 0.058321784 | M52: VT-HV-TT-002 | N52: 2 | O52: CHÂN PIN MB1 PIN2 (X01/Y21-Y22)-REV04 | P52: 139.82
A53: 7 | B53: PL80 | C53: VT-HV-TT-002-PINX01_Y21-Y22-Q355-SP80-003 | D53: 20724 | E53: 0 | F53: 19983.68 | G53: 0 | H53: 0 | I53: 139.89 | J53: 600.43 | K53: 0.028972689 | L53: 0.030046018 | M53: VT-HV-TT-002 | N53: 2 | O53: CHÂN PIN MB1 PIN2 (X01/Y21-Y22)-REV04 | P53: 107.38
A54: 8 | B54: PL80 | C54: VT-HV-TT-002-PINX01_Y21-Y22-Q355-SP80-004 | D54: 20724 | E54: 0 | F54: 19973.11 | G54: 0 | H54: 0 | I54: 139.81 | J54: 611.08 | K54: 0.029486586 | L54: 0.030595135 | M54: VT-HV-TT-002 | N54: 2 | O54: CHÂN PIN MB1 PIN2 (X01/Y21-Y22)-REV04 | P54: 120.91
A55: 9 | B55: PL80 | C55: VT-HV-TT-002-PINX01_Y21-Y22-Q355-SP80-005 | D55: 18840 | E55: 0 | F55: 17800.1 | G55: 0 | H55: 0 | I55: 124.6 | J55: 915.3 | K55: 0.048582803 | L55: 0.051421059 | M55: VT-HV-TT-002 | N55: 2 | O55: CHÂN PIN MB1 PIN2 (X01/Y21-Y22)-REV04 | P55: 122.2
A56: 10 | B56: PL80 | C56: VT-HV-TT-002-PINX01_Y21-Y22-Q355-SP80-006 | D56: 18840 | E56: 0 | F56: 17919.38 | G56: 0 | H56: 0 | I56: 125.44 | J56: 795.18 | K56: 0.042207006 | L56: 0.044375419 | M56: VT-HV-TT-002 | N56: 2 | O56: CHÂN PIN MB1 PIN2 (X01/Y21-Y22)-REV04 | P56: 107.61
A57: 11 | B57: PL80 | C57: VT-HV-TT-002-PINX01_Y21-Y22-Q355-SP80-007 | D57: 20724 | E57: 0 | F57: 7060.77 | G57: 13014.67 | H57: 0.6279999 | I57: 49.43 | J57: 599.13 | K57: 0.028909959 | L57: 0.084853352 | M57: VT-HV-TT-002 | N57: 2 | O57: CHÂN PIN MB1 PIN2 (X01/Y21-Y22)-REV04 | P57: 63.5
A58: 12 | B58: PL80 | C58: VT-HV-TT-002-PINX01_Y21-Y22-Q355-SP80-008 | D58: 18840 | E58: 0 | F58: 3361.86 | G58: 15166.92 | H58: 0.80503822 | I58: 23.53 | J58: 287.69 | K58: 0.01527017 | L58: 0.085574652 | M58: VT-HV-TT-002 | N58: 2 | O58: CHÂN PIN MB1 PIN2 (X01/Y21-Y22)-REV04 | P58: 37.06
... A91: 45 | B91: PL120 | C91: VT-HV-TT-002-PINX01_Y21-Y22-Q355-SP120-033 | D91: 25999.2 | E91: 0 | F91: 16595.59 | G91: 7978.18 | H91: 0.30686252 | I91: 116.17 | J91: 1309.26 | K91: 0.050357703 | L91: 0.078892043 | M91: VT-HV-TT-002 | N91: 2 | O91: CHÂN PIN MB1 PIN2 (X01/Y21-Y22)-REV04 | P91: 33.01
A92: 46 | B92: PL120 | C92: VT-HV-TT-002-PINX01_Y21-Y22-Q355-SP120-034 | D92: 26423.1 | E92: 0 | F92: 18264.78 | G92: 3260.07 | H92: 0.12337954 | I92: 127.85 | J92: 4770.4 | K92: 0.180539 | L92: 0.26118026 | M92: VT-HV-TT-002 | N92: 2 | O92: CHÂN PIN MB1 PIN2 (X01/Y21-Y22)-REV04 | P92: 40.35 | Q92: REV04
A93: 47 | B93: PL120 | C93: VT-HV-TT-002-PINX01_Y21-Y22-Q355-SP120-035 | D93: 28260 | E93: 0 | F93: 26779.73 | G93: 0 | H93: 0 | I93: 187.46 | J93: 1292.81 | K93: 0.045746992 | L93: 0.048275692 | M93: VT-HV-TT-002 | N93: 2 | O93: CHÂN PIN MB1 PIN2 (X01/Y21-Y22)-REV04 | P93: 110.41
A94: 48 | B94: PL120 | C94: VT-HV-TT-002-PINX01_Y21-Y22-Q355-SP120-036 | D94: 14087.8 | E94: 0 | F94: 11905.51 | G94: 943.4 | H94: 0.066965743 | I94: 83.34 | J94: 1155.55 | K94: 0.082024873 | L94: 0.097060101 | M94: VT-HV-TT-002 | N94: 2 | O94: CHÂN PIN MB1 PIN2 (X01/Y21-Y22)-REV04 | P94: 44.84
A95: 49 | B95: PL120 | C95: VT-HV-TT-002-PINX01_Y21-Y22-Q355-SP120-037 | D95: 29013.6 | E95: 0 | F95: 18256.13 | G95: 7769.98 | H95: 0.26780475 | I95: 127.79 | J95: 2859.7 | K95: 0.098564122 | L95: 0.15664328 | M95: VT-HV-TT-002 | N95: 2 | O95: CHÂN PIN MB1 PIN2 (X01/Y21-Y22)-REV04 | P95: 61.22
A96: 50 | B96: PL120 | C96: VT-HV-TT-002-PINX01_Y21-Y22-Q355-SP120-038 | D96: 26423.1 | E96: 0 | F96: 5391.81 | G96: 19875.64 | H96: 0.75220697 | I96: 37.74 | J96: 1117.91 | K96: 0.042308056 | L96: 0.20733483 | M96: VT-HV-TT-002 | N96: 2 | O96: CHÂN PIN MB1 PIN2 (X01/Y21-Y22)-REV04 | P96: 17.07 | Q96: REV04
A97: 1 | B97: PL12 | C97: VT-HV-TT-003-GN-Q355-SP12-001 | D97: 1695.6 | E97: 0 | F97: 1619.64 | G97: 0 | H97: 0 | I97: 11.34 | J97: 64.62 | K97: 0.038110403 | L97: 0.039897755 | M97: VT-HV-TT-003 | N97: 3 | O97: HỆ GIÀN NÂNG CỤM 3A - 19 CỘT
A98: 2 | B98: PL12 | C98: VT-HV-TT-003-GN-Q355-SP12-002 | D98: 1695.6 | E98: 0 | F98: 828.35 | G98: 816.71 | H98: 0.48166431 | I98: 5.8 | J98: 44.74 | K98: 0.02638594 | L98: 0.054010986 | M98: VT-HV-TT-003 | N98: 3 | O98: HỆ GIÀN NÂNG CỤM 3A - 19 CỘT
A99: 3 | B99: PL20 | C99: VT-HV-TT-003-GN-Q355-SP20-001 | D99: 3768 | E99: 0 | F99: 3664.04 | G99: 0 | H99: 0 | I99: 25.65 | J99: 78.31 | K99: 0.020782909 | L99: 0.021372583 | M99: VT-HV-TT-003 | N99: 3 | O99: HỆ GIÀN NÂNG CỤM 3A - 19 CỘT
A100: 4 | B100: PL20 | C100: VT-HV-TT-003-GN-Q355-SP20-002 | D100: 3768 | E100: 0 | F100: 3669.53 | G100: 0 | H100: 0 | I100: 25.69 | J100: 72.78 | K100: 0.019315287 | L100: 0.019833603 | M100: VT-HV-TT-003 | N100: 3 | O100: HỆ GIÀN NÂNG CỤM 3A - 19 CỘT
A101: 5 | B101: PL20 | C101: VT-HV-TT-003-GN-Q355-SP20-003 | D101: 3768 | E101: 0 | F101: 3654.11 | G101: 0 | H101: 0 | I101: 25.58 | J101: 88.31 | K101: 0.023436837 | L101: 0.024167307 | M101: VT-HV-TT-003 | N101: 3 | O101: HỆ GIÀN NÂNG CỤM 3A - 19 CỘT
A102: 6 | B102: PL20 | C102: VT-HV-TT-003-GN-Q355-SP20-004 | D102: 3768 | E102: 0 | F102: 3651.11 | G102: 0 | H102: 0 | I102: 25.56 | J102: 91.33 | K102: 0.024238323 | L102: 0.025014311 | M102: VT-HV-TT-003 | N102: 3 | O102: HỆ GIÀN NÂNG CỤM 3A - 19 CỘT
A103: 7 | B103: PL20 | C103: VT-HV-TT-003-GN-Q355-SP20-005 | D103: 3768 | E103: 0 | F103: 3658.28 | G103: 0 | H103: 0 | I103: 25.61 | J103: 84.11 | K103: 0.022322187 | L103: 0.022991679 | M103: VT-HV-TT-003 | N103: 3 | O103: HỆ GIÀN NÂNG CỤM 3A - 19 CỘT
A104: 8 | B104: PL20 | C104: VT-HV-TT-003-GN-Q355-SP20-006 | D104: 3768 | E104: 0 | F104: 3634.98 | G104: 0 | H104: 0 | I104: 25.44 | J104: 107.58 | K104: 0.028550955 | L104: 0.029595761 | M104: VT-HV-TT-003 | N104: 3 | O104: HỆ GIÀN NÂNG CỤM 3A - 19 CỘT
A105: 9 | B105: PL20 | C105: VT-HV-TT-003-GN-Q355-SP20-007 | D105: 3768 | E105: 0 | F105: 3661.28 | G105: 0 | H105: 0 | I105: 25.63 | J105: 81.09 | K105: 0.021520701 | L105: 0.022147992 | M105: VT-HV-TT-003 | N105: 3 | O105: HỆ GIÀN NÂNG CỤM 3A - 19 CỘT
A106: 10 | B106: PL20 | C106: VT-HV-TT-003-GN-Q355-SP20-008 | D106: 3768 | E106: 0 | F106: 3656.88 | G106: 0 | H106: 0 | I106: 25.6 | J106: 85.52 | K106: 0.022696391 | L106: 0.023386056 | M106: VT-HV-TT-003 | N106: 3 | O106: HỆ GIÀN NÂNG CỤM 3A - 19 CỘT
A107: 11 | B107: PL20 | C107: VT-HV-TT-003-GN-Q355-SP20-009 | D107: 3768 | E107: 0 | F107: 3628.08 | G107: 0 | H107: 0 | I107: 25.4 | J107: 114.52 | K107: 0.030392781 | L107: 0.031564905 | M107: VT-HV-TT-003 | N107: 3 | O107: HỆ GIÀN NÂNG CỤM 3A - 19 CỘT
A108: 12 | B108: PL20 | C108: VT-HV-TT-003-GN-Q355-SP20-010 | D108: 3768 | E108: 0 | F108: 3657.73 | G108: 0 | H108: 0 | I108: 25.6 | J108: 84.67 | K108: 0.022470807 | L108: 0.023148237 | M108: VT-HV-TT-003 | N108: 3 | O108: HỆ GIÀN NÂNG CỤM 3A - 19 CỘT
... A169: 38 | B169: PL40 | C169: VT-HV-TT-004-GN-Q355-SP40-002 | D169: 9420 | E169: 0 | F169: 6808.09 | G169: 1594.12 | H169: 0.16922718 | I169: 47.66 | J169: 970.13 | K169: 0.1029862 | L169: 0.14249665 | M169: VT-HV-TT-004 | N169: 4 | O169: HỆ GIÀN NÂNG CỤM 3A đến Cos 105m 36 CHÂN + 50MMX12000X100 RAY CẨU TRỤC
A170: 39 | B170: PL50 | C170: VT-HV-TT-004-GN-Q355-SP50-001 | D170: 10833 | E170: 0 | F170: 10593.09 | G170: 0 | H170: 0 | I170: 74.15 | J170: 165.76 | K170: 0.015301394 | L170: 0.015647937 | M170: VT-HV-TT-004 | N170: 4 | O170: HỆ GIÀN NÂNG CỤM 3A đến Cos 105m 36 CHÂN + 50MMX12000X100 RAY CẨU TRỤC (REV02) | P170: REV02
A171: 40 | B171: PL50 | C171: VT-HV-TT-004-GN-Q355-SP50-002 | D171: 10833 | E171: 0 | F171: 10593.09 | G171: 0 | H171: 0 | I171: 74.15 | J171: 165.76 | K171: 0.015301394 | L171: 0.015647937 | M171: VT-HV-TT-004 | N171: 4 | O171: HỆ GIÀN NÂNG CỤM 3A đến Cos 105m 36 CHÂN + 50MMX12000X100 RAY CẨU TRỤC (REV02) | P171: REV02
A172: 41 | B172: PL50 | C172: VT-HV-TT-004-GN-Q355-SP50-003 | D172: 10833 | E172: 0 | F172: 10593.09 | G172: 0 | H172: 0 | I172: 74.15 | J172: 165.76 | K172: 0.015301394 | L172: 0.015647937 | M172: VT-HV-TT-004 | N172: 4 | O172: HỆ GIÀN NÂNG CỤM 3A đến Cos 105m 36 CHÂN + 50MMX12000X100 RAY CẨU TRỤC (REV02) | P172: REV02
A173: 42 | B173: PL50 | C173: VT-HV-TT-004-GN-Q355-SP50-004 | D173: 9420 | E173: 0 | F173: 8946.06 | G173: 0 | H173: 0 | I173: 62.62 | J173: 411.32 | K173: 0.043664544 | L173: 0.045977782 | M173: VT-HV-TT-004 | N173: 4 | O173: HỆ GIÀN NÂNG CỤM 3A đến Cos 105m 36 CHÂN + 50MMX12000X100 RAY CẨU TRỤC
A174: 43 | B174: PL50 | C174: VT-HV-TT-004-GN-Q355-SP50-005 | D174: 10833 | E174: 0 | F174: 10125.03 | G174: 0 | H174: 0 | I174: 70.88 | J174: 637.09 | K174: 0.058810117 | L174: 0.062922283 | M174: VT-HV-TT-004 | N174: 4 | O174: HỆ GIÀN NÂNG CỤM 3A đến Cos 105m 36 CHÂN + 50MMX12000X100 RAY CẨU TRỤC (REV02) | P174: REV02
A175: 44 | B175: PL50 | C175: VT-HV-TT-004-GN-Q355-SP50-006 | D175: 10833 | E175: 0 | F175: 2826 | G175: 7837.44 | H175: 0.72347826 | I175: 19.78 | J175: 149.78 | K175: 0.013826272 | L175: 0.053000708 | M175: VT-HV-TT-004 | N175: 4 | O175: HỆ GIÀN NÂNG CỤM 3A đến Cos 105m 36 CHÂN + 50MMX12000X100 RAY CẨU TRỤC (REV02) | P175: REV02
A176: 45 | B176: PL50 | C176: VT-HV-TT-004-GN-Q355-SP50-007 | D176: 9420 | E176: 0 | F176: 7533.06 | G176: 1799.22 | H176: 0.191 | I176: 52.73 | J176: 34.99 | K176: 0.0037144374 | L176: 0.0046448588 | M176: VT-HV-TT-004 | N176: 4 | O176: HỆ GIÀN NÂNG CỤM 3A đến Cos 105m 36 CHÂN + 50MMX12000X100 RAY CẨU TRỤC
A177: 46 | B177: PL50 | C177: VT-HV-TT-004-GN-Q355-SP50-008 | D177: 9420 | E177: 0 | F177: 7062.06 | G177: 2298.48 | H177: 0.244 | I177: 49.43 | J177: 10.03 | K177: 0.0010647558 | L177: 0.0014202655 | M177: VT-HV-TT-004 | N177: 4 | O177: HỆ GIÀN NÂNG CỤM 3A đến Cos 105m 36 CHÂN + 50MMX12000X100 RAY CẨU TRỤC
A178: 47 | B178: PL50 | C178: VT-HV-TT-004-GN-Q355-SP50-009 | D178: 9420 | E178: 0 | F178: 7062.06 | G178: 2298.48 | H178: 0.244 | I178: 49.43 | J178: 10.03 | K178: 0.0010647558 | L178: 0.0014202655 | M178: VT-HV-TT-004 | N178: 4 | O178: HỆ GIÀN NÂNG CỤM 3A đến Cos 105m 36 CHÂN + 50MMX12000X100 RAY CẨU TRỤC
A179: 48 | B179: PL50 | C179: VT-HV-TT-004-GN-Q355-SP50-010 | D179: 0 | E179: 4603.72 | F179: 3970.94 | G179: 0 | H179: 0 | I179: 27.8 | J179: 604.98 | K179: 0.13141112 | L179: 0.15235184 | M179: VT-HV-TT-004 | N179: 4 | O179: HỆ GIÀN NÂNG CỤM 3A đến Cos 105m 36 CHÂN + 50MMX12000X100 RAY CẨU TRỤC
A180: 49 | B180: PL50 | C180: VT-HV-TT-004-GN-Q355-SP50-011 | D180: 10833 | E180: 0 | F180: 10593.09 | G180: 0 | H180: 0 | I180: 74.15 | J180: 165.76 | K180: 0.015301394 | L180: 0.015647937 | M180: VT-HV-TT-004 | N180: 4 | O180: HỆ GIÀN NÂNG CỤM 3A đến Cos 105m 36 CHÂN + 50MMX12000X100 RAY CẨU TRỤC
A181: 50 | B181: PL50 | C181: VT-HV-TT-004-GN-Q355-SP50-012 | D181: 10833 | E181: 0 | F181: 10298.71 | G181: 0 | H181: 0 | I181: 72.09 | J181: 462.2 | K181: 0.042665928 | L181: 0.044879407 | M181: VT-HV-TT-004 | N181: 4 | O181: HỆ GIÀN NÂNG CỤM 3A đến Cos 105m 36 CHÂN + 50MMX12000X100 RAY CẨU TRỤC
A182: 51 | B182: PL50 | C182: VT-HV-TT-004-GN-Q355-SP50-013 | D182: 10833 | E182: 0 | F182: 10151.52 | G182: 0 | H182: 0 | I182: 71.06 | J182: 610.42 | K182: 0.056348195 | L182: 0.060130897 | M182: VT-HV-TT-004 | N182: 4 | O182: HỆ GIÀN NÂNG CỤM 3A đến Cos 105m 36 CHÂN + 50MMX12000X100 RAY CẨU TRỤC
A183: 52 | B183: PL50 | C183: VT-HV-TT-004-GN-Q355-SP50-014 | D183: 10833 | E183: 0 | F183: 10151.52 | G183: 0 | H183: 0 | I183: 71.06 | J183: 610.42 | K183: 0.056348195 | L183: 0.060130897 | M183: VT-HV-TT-004 | N183: 4 | O183: HỆ GIÀN NÂNG CỤM 3A đến Cos 105m 36 CHÂN + 50MMX12000X100 RAY CẨU TRỤC
A184: 53 | B184: PL50 | C184: VT-HV-TT-004-GN-Q355-SP50-015 | D184: 10833 | E184: 0 | F184: 10151.52 | G184: 0 | H184: 0 | I184: 71.06 | J184: 610.42 | K184: 0.056348195 | L184: 0.060130897 | M184: VT-HV-TT-004 | N184: 4 | O184: HỆ GIÀN NÂNG CỤM 3A đến Cos 105m 36 CHÂN + 50MMX12000X100 RAY CẨU TRỤC
A185: 54 | B185: PL50 | C185: VT-HV-TT-004-GN-Q355-SP50-016 | D185: 10833 | E185: 0 | F185: 7062.06 | G185: 3711.48 | H185: 0.3426087 | I185: 49.43 | J185: 10.03 | K185: 0.00092587464 | L185: 0.0014202655 | M185: VT-HV-TT-004 | N185: 4 | O185: HỆ GIÀN NÂNG CỤM 3A đến Cos 105m 36 CHÂN + 50MMX12000X100 RAY CẨU TRỤC
A186: 55 | B186: PL50 | C186: VT-HV-TT-004-GN-Q355-SP50-017 | D186: 10833 | E186: 0 | F186: 9609.4 | G186: 0 | H186: 0 | I186: 67.27 | J186: 1156.33 | K186: 0.10674144 | L186: 0.12033322 | M186: VT-HV-TT-004 | N186: 4 | O186: HỆ GIÀN NÂNG CỤM 3A đến Cos 105m 36 CHÂN + 50MMX12000X100 RAY CẨU TRỤC
A187: 56 | B187: PL50 | C187: VT-HV-TT-004-GN-Q355-SP50-018 | D187: 10833 | E187: 0 | F187: 9892.58 | G187: 0 | H187: 0 | I187: 69.25 | J187: 871.17 | K187: 0.080418167 | L187: 0.088062972 | M187: VT-HV-TT-004 | N187: 4 | O187: HỆ GIÀN NÂNG CỤM 3A đến Cos 105m 36 CHÂN + 50MMX12000X100 RAY CẨU TRỤC
... A222: 9 | B222: PL50 | C222: VT-HV-TT-006-BOSUNG-Q355-SP50-001 | D222: 0 | E222: 2298.48 | F222: 1444.16 | G222: 400.44 | H222: 0.17421948 | I222: 10.11 | J222: 443.77 | K222: 0.19307107 | L222: 0.3072859 | M222: VT-HV-TT-006 | N222: 6 | O222: CHÂN PIN BỔ SUNG PAS CẨU VÀ PARKING BA
A223: 1 | B223: PL20 | C223: VT-HV-TT-007-SPTRUSS-Q355-SP20-001 | D223: 0 | E223: 2722.5 | F223: 269.27 | G223: 2422.09 | H223: =IF(D223+E223>0, G223/(D223+E223), 0) -> 0.88965657 | I223: =ROUND(F223*0.7/100, 2) -> 1.88 | J223: =MAX(ROUND(D223+E223-F223-G223-I223, 2), 0) -> 29.26 | K223: =IF(D223+E223>0, J223/(D223+E223), 0) -> 0.010747475 | L223: =IF(F223>0, J223/F223, 0) -> 0.10866417 | M223: VT-HV-TT-007 | N223: 7 | O223: HỆ SUPPER TRUSS (Z1-MT1.2-0018)-REV01
A224: 2 | B224: PL80 | C224: VT-HV-TT-007-SPTRUSS-Q355-SP80-001 | D224: 0 | E224: 5348.1 | F224: 3131.07 | G224: 2131.86 | H224: =IF(D224+E224>0, G224/(D224+E224), 0) -> 0.39862007 | I224: =ROUND(F224*0.7/100, 2) -> 21.92 | J224: =MAX(ROUND(D224+E224-F224-G224-I224, 2), 0) -> 63.25 | K224: =IF(D224+E224>0, J224/(D224+E224), 0) -> 0.01182663 | L224: =IF(F224>0, J224/F224, 0) -> 0.020200762 | M224: VT-HV-TT-007 | N224: 7 | O224: HỆ SUPPER TRUSS (Z1-MT1.2-0018)-REV01
A225: 3 | B225: PL80 | C225: VT-HV-TT-007-SPTRUSS-Q355-SP80-002 | D225: 17332.8 | E225: 0 | F225: 4174.76 | G225: 12884.05 | H225: =IF(D225+E225>0, G225/(D225+E225), 0) -> 0.74333345 | I225: =ROUND(F225*0.7/100, 2) -> 29.22 | J225: =MAX(ROUND(D225+E225-F225-G225-I225, 2), 0) -> 244.77 | K225: =IF(D225+E225>0, J225/(D225+E225), 0) -> 0.014121781 | L225: =IF(F225>0, J225/F225, 0) -> 0.058630915 | M225: VT-HV-TT-007 | N225: 7 | O225: HỆ SUPPER TRUSS (Z1-MT1.2-0018)-REV01
A226: 4 | B226: PL100 | C226: VT-HV-TT-007-SPTRUSS-Q355-SP100-001 | D226: 0 | E226: 19193.25 | F226: 3913.84 | G226: 15167.61 | H226: =IF(D226+E226>0, G226/(D226+E226), 0) -> 0.79025751 | I226: =ROUND(F226*0.7/100, 2) -> 27.4 | J226: =MAX(ROUND(D226+E226-F226-G226-I226, 2), 0) -> 84.4 | K226: =IF(D226+E226>0, J226/(D226+E226), 0) -> 0.0043973793 | L226: =IF(F226>0, J226/F226, 0) -> 0.021564499 | M226: VT-HV-TT-007 | N226: 7 | O226: HỆ SUPPER TRUSS (Z1-MT1.2-0018)-REV01
A227: 5 | B227: PL120 | C227: VT-HV-TT-007-SPTRUSS-Q355-SP120-001 | D227: 28260 | E227: 0 | F227: 25463.35 | G227: 2355.76 | H227: =IF(D227+E227>0, G227/(D227+E227), 0) -> 0.083360226 | I227: =ROUND(F227*0.7/100, 2) -> 178.24 | J227: =MAX(ROUND(D227+E227-F227-G227-I227, 2), 0) -> 262.65 | K227: =IF(D227+E227>0, J227/(D227+E227), 0) -> 0.0092940552 | L227: =IF(F227>0, J227/F227, 0) -> 0.010314825 | M227: VT-HV-TT-007 | N227: 7 | O227: HỆ SUPPER TRUSS (Z1-MT1.2-0018)-REV01
A228: 6 | B228: PL120 | C228: VT-HV-TT-007-SPTRUSS-Q355-SP120-002 | D228: 28260 | E228: 0 | F228: 25478.8 | G228: 2355.02 | H228: =IF(D228+E228>0, G228/(D228+E228), 0) -> 0.083334041 | I228: =ROUND(F228*0.7/100, 2) -> 178.35 | J228: =MAX(ROUND(D228+E228-F228-G228-I228, 2), 0) -> 247.83 | K228: =IF(D228+E228>0, J228/(D228+E228), 0) -> 0.0087696391 | L228: =IF(F228>0, J228/F228, 0) -> 0.0097269102 | M228: VT-HV-TT-007 | N228: 7 | O228: HỆ SUPPER TRUSS (Z1-MT1.2-0018)-REV01
A229: 7 | B229: PL120 | C229: VT-HV-TT-007-SPTRUSS-Q355-SP120-003 | D229: 28260 | E229: 0 | F229: 22701.86 | G229: 5313.23 | H229: =IF(D229+E229>0, G229/(D229+E229), 0) -> 0.18801238 | I229: =ROUND(F229*0.7/100, 2) -> 158.91 | J229: =MAX(ROUND(D229+E229-F229-G229-I229, 2), 0) -> 86 | K229: =IF(D229+E229>0, J229/(D229+E229), 0) -> 0.0030431706 | L229: =IF(F229>0, J229/F229, 0) -> 0.0037882359 | M229: VT-HV-TT-007 | N229: 7 | O229: HỆ SUPPER TRUSS (Z1-MT1.2-0018)-REV01
A230: 8 | B230: PL120 | C230: VT-HV-TT-007-SPTRUSS-Q355-SP120-004 | D230: 25999.2 | E230: 0 | F230: 24220.15 | G230: 1143.86 | H230: =IF(D230+E230>0, G230/(D230+E230), 0) -> 0.043995969 | I230: =ROUND(F230*0.7/100, 2) -> 169.54 | J230: =MAX(ROUND(D230+E230-F230-G230-I230, 2), 0) -> 465.65 | K230: =IF(D230+E230>0, J230/(D230+E230), 0) -> 0.017910166 | L230: =IF(F230>0, J230/F230, 0) -> 0.019225727 | M230: VT-HV-TT-007 | N230: 7 | O230: HỆ SUPPER TRUSS (Z1-MT1.2-0018)-REV01
A231: 9 | B231: PL120 | C231: VT-HV-TT-007-SPTRUSS-Q355-SP120-005 | D231: 0 | E231: 24053.64 | F231: 4151.69 | G231: 17567.38 | H231: =IF(D231+E231>0, G231/(D231+E231), 0) -> 0.73034185 | I231: =ROUND(F231*0.7/100, 2) -> 29.06 | J231: =MAX(ROUND(D231+E231-F231-G231-I231, 2), 0) -> 2305.51 | K231: =IF(D231+E231>0, J231/(D231+E231), 0) -> 0.095848695 | L231: =IF(F231>0, J231/F231, 0) -> 0.55531844 | M231: VT-HV-TT-007 | N231: 7 | O231: HỆ SUPPER TRUSS (Z1-MT1.2-0018)-REV01
A232: 1 | B232: PL20 | C232: VT-HV-TT-008-SPTRUSS-Q355-SP20-001 | D232: 0 | E232: 2422.09 | F232: 20.52 | G232: 2316 | H232: =IF(D232+E232>0, G232/(D232+E232), 0) -> 0.95619899 | I232: =ROUND(F232*0.7/100, 2) -> 0.14 | J232: =MAX(ROUND(D232+E232-F232-G232-I232, 2), 0) -> 85.43 | K232: =IF(D232+E232>0, J232/(D232+E232), 0) -> 0.035271191 | L232: =IF(F232>0, J232/F232, 0) -> 4.1632554 | M232: VT-HV-TT-008 | N232: 8 | O232: HỆ SUPPER TRUSS (Z1-MT1.2-0003-Z1-MT1.2-0016)-REV01
A233: 2 | B233: PL25 | C233: VT-HV-TT-008-SPTRUSS-Q355-SP25-001 | D233: 0 | E233: 105.3 | F233: 97.24 | G233: 0 | H233: =IF(D233+E233>0, G233/(D233+E233), 0) -> 0 | I233: =ROUND(F233*0.7/100, 2) -> 0.68 | J233: =MAX(ROUND(D233+E233-F233-G233-I233, 2), 0) -> 7.38 | K233: =IF(D233+E233>0, J233/(D233+E233), 0) -> 0.07008547 | L233: =IF(F233>0, J233/F233, 0) -> 0.075894694 | M233: VT-HV-TT-008 | N233: 8 | O233: HỆ SUPPER TRUSS (Z1-MT1.2-0003-Z1-MT1.2-0016)-REV01
A234: 3 | B234: PL80 | C234: VT-HV-TT-008-SPTRUSS-Q355-SP80-001 | D234: 0 | E234: 12884.05 | F234: 12121.9 | G234: 448.06 | H234: =IF(D234+E234>0, G234/(D234+E234), 0) -> 0.034776332 | I234: =ROUND(F234*0.7/100, 2) -> 84.85 | J234: =MAX(ROUND(D234+E234-F234-G234-I234, 2), 0) -> 229.24 | K234: =IF(D234+E234>0, J234/(D234+E234), 0) -> 0.017792542 | L234: =IF(F234>0, J234/F234, 0) -> 0.018911227 | M234: VT-HV-TT-008 | N234: 8 | O234: HỆ SUPPER TRUSS (Z1-MT1.2-0003-Z1-MT1.2-0016)-REV01
... A243: 12 | B243: PL120 | C243: VT-HV-TT-008-SPTRUSS-Q355-SP120-008 | D243: 28260 | E243: 0 | F243: 21807.92 | G243: 5673.67 | H243: =IF(D243+E243>0, G243/(D243+E243), 0) -> 0.20076681 | I243: =ROUND(F243*0.7/100, 2) -> 152.66 | J243: =MAX(ROUND(D243+E243-F243-G243-I243, 2), 0) -> 625.75 | K243: =IF(D243+E243>0, J243/(D243+E243), 0) -> 0.022142604 | L243: =IF(F243>0, J243/F243, 0) -> 0.028693704 | M243: VT-HV-TT-008 | N243: 8 | O243: HỆ SUPPER TRUSS (Z1-MT1.2-0003-Z1-MT1.2-0016)-REV01
A244: 1 | B244: PL12 | C244: VT-HV-TT-009-GN-Q355-SP12-001 | D244: 1695.6 | E244: 0 | F244: 1611.33 | G244: 0 | H244: 0 | I244: 11.28 | J244: 72.99 | K244: 0.043046709 | L244: 0.045297984 | M244: VT-HV-TT-009 | N244: 9 | O244: 20 CỘT Hệ giàn nâng-Cụm 3A-Ưu tiên 1 đến Cos 53m (REV03) | P244: 223.81
A245: 2 | B245: PL12 | C245: VT-HV-TT-009-GN-Q355-SP12-002 | D245: 0 | E245: 552.94 | F245: 509.89 | G245: 0 | H245: 0 | I245: 3.57 | J245: 39.48 | K245: 0.071400152 | L245: 0.077428465 | M245: VT-HV-TT-009 | N245: 9 | O245: 20 CỘT Hệ giàn nâng-Cụm 3A-Ưu tiên 1 đến Cos 53m (REV03) | P245: 66.34
A246: 3 | B246: PL12 | C246: VT-HV-TT-009-GN-Q355-SP12-003 | D246: 1695.6 | E246: 0 | F246: 550.59 | G246: 1085.47 | H246: 0.64016867 | I246: 3.85 | J246: 55.69 | K246: 0.032843831 | L246: 0.10114604 | M246: VT-HV-TT-009 | N246: 9 | O246: 20 CỘT Hệ giàn nâng-Cụm 3A-Ưu tiên 1 đến Cos 53m (REV03) | P246: 78.3
A247: 4 | B247: PL16 | C247: VT-HV-TT-009-GN-Q355-SP16-001 | D247: 0 | E247: 215.71 | F247: 165.63 | G247: 38.74 | H247: 0.17959297 | I247: 1.16 | J247: 10.18 | K247: 0.047192991 | L247: 0.061462295 | M247: VT-HV-TT-009 | N247: 9 | O247: 20 CỘT Hệ giàn nâng-Cụm 3A-Ưu tiên 1 đến Cos 53m (REV03) | P247: 14.98
A248: 5 | B248: PL20 | C248: VT-HV-TT-009-GN-Q355-SP20-001 | D248: 3768 | E248: 0 | F248: 3600.97 | G248: 0 | H248: 0 | I248: 25.21 | J248: 141.82 | K248: 0.037638004 | L248: 0.039383833 | M248: VT-HV-TT-009 | N248: 9 | O248: 20 CỘT Hệ giàn nâng-Cụm 3A-Ưu tiên 1 đến Cos 53m (REV03) | P248: 175.46
A249: 6 | B249: PL20 | C249: VT-HV-TT-009-GN-Q355-SP20-002 | D249: 3768 | E249: 0 | F249: 3634.96 | G249: 0 | H249: 0 | I249: 25.44 | J249: 107.6 | K249: 0.028556263 | L249: 0.029601426 | M249: VT-HV-TT-009 | N249: 9 | O249: 20 CỘT Hệ giàn nâng-Cụm 3A-Ưu tiên 1 đến Cos 53m (REV03) | P249: 92.68
A250: 7 | B250: PL20 | C250: VT-HV-TT-009-GN-Q355-SP20-003 | D250: 3768 | E250: 0 | F250: 3660.22 | G250: 0 | H250: 0 | I250: 25.62 | J250: 82.16 | K250: 0.021804671 | L250: 0.022446738 | M250: VT-HV-TT-009 | N250: 9 | O250: 20 CỘT Hệ giàn nâng-Cụm 3A-Ưu tiên 1 đến Cos 53m (REV03) | P250: 79.42
A251: 8 | B251: PL20 | C251: VT-HV-TT-009-GN-Q355-SP20-004 | D251: 3768 | E251: 0 | F251: 3448.02 | G251: 0 | H251: 0 | I251: 24.14 | J251: 295.84 | K251: 0.0785138 | L251: 0.085799966 | M251: VT-HV-TT-009 | N251: 9 | O251: 20 CỘT Hệ giàn nâng-Cụm 3A-Ưu tiên 1 đến Cos 53m (REV03) | P251: 137.28
A252: 9 | B252: PL20 | C252: VT-HV-TT-009-GN-Q355-SP20-005 | D252: 3768 | E252: 0 | F252: 3453.41 | G252: 0 | H252: 0 | I252: 24.17 | J252: 290.42 | K252: 0.077075372 | L252: 0.084096589 | M252: VT-HV-TT-009 | N252: 9 | O252: 20 CỘT Hệ giàn nâng-Cụm 3A-Ưu tiên 1 đến Cos 53m (REV03) | P252: 142.64
A253: 10 | B253: PL20 | C253: VT-HV-TT-009-GN-Q355-SP20-006 | D253: 3768 | E253: 0 | F253: 3488.89 | G253: 0 | H253: 0 | I253: 24.42 | J253: 254.69 | K253: 0.067592887 | L253: 0.073000295 | M253: VT-HV-TT-009 | N253: 9 | O253: 20 CỘT Hệ giàn nâng-Cụm 3A-Ưu tiên 1 đến Cos 53m (REV03) | P253: 152.08
A254: 11 | B254: PL20 | C254: VT-HV-TT-009-GN-Q355-SP20-007 | D254: 3768 | E254: 0 | F254: 3598.26 | G254: 0 | H254: 0 | I254: 25.19 | J254: 144.55 | K254: 0.038362527 | L254: 0.040172194 | M254: VT-HV-TT-009 | N254: 9 | O254: 20 CỘT Hệ giàn nâng-Cụm 3A-Ưu tiên 1 đến Cos 53m (REV03) | P254: 104.75
A255: 12 | B255: PL20 | C255: VT-HV-TT-009-GN-Q355-SP20-008 | D255: 3768 | E255: 0 | F255: 3654.33 | G255: 0 | H255: 0 | I255: 25.58 | J255: 88.09 | K255: 0.02337845 | L255: 0.02410565 | M255: VT-HV-TT-009 | N255: 9 | O255: 20 CỘT Hệ giàn nâng-Cụm 3A-Ưu tiên 1 đến Cos 53m (REV03) | P255: 82.98
...

Sheet LSX-VT
M2: LỆNH SẢN XUẤT/ PRODUCTION ORDER
A3: CÔNG TRÌNH/ CONSTRUCTION: | C3: ='List chi tiet'!B3&"-"&'List chi tiet'!B2 -> 10626-051-10626-051 DG SÂN VẬN ĐỘNG HÙNG VƯƠNG
A4: LSX/ PRODUCTION ORDER : | C4: =INDEX(M11:M99987, MATCH(1, INDEX(SUBTOTAL(3, OFFSET(M11, ROW(M11:M99987)-ROW(M11), 0)), 0), 0)) -> VT-HV-TT-085
A5: Hạng mục/ Items: | C5: =INDEX(P11:P99987, MATCH(1, INDEX(SUBTOTAL(3, OFFSET(P11, ROW(P11:P99987)-ROW(P11), 0)), 0), 0)) -> GIAN NANG 3A-UT1
A6: Đơn vị gia công/ Processing unit: | C6: SC-VT1
A7: Lệnh xuất:
A8: Lệnh thu lỡ cỡ: | H8: =SUMPRODUCT(SUBTOTAL(109, OFFSET(H11, ROW(H11:H99999)-ROW(H11), 0)), (B11:B99999<>"") * (B11:B99999<>0)) -> 1306 | I8: =SUMPRODUCT(SUBTOTAL(109, OFFSET(I11, ROW(I11:I99999)-ROW(I11), 0)), (B11:B99999<>"") * (B11:B99999<>0)) -> 150089.75 | P8: =VALUE(SUMPRODUCT(SUBTOTAL(103,OFFSET(B11,ROW(B11:B99692)-MIN(ROW(B11:B99692)),,1)),--(B11:B99692<>""))) -> 436
A9: Lệnh Thu phế liệu: | AC9: =IFERROR(VLOOKUP(A9,'List chi tiet'!$A:$L,12,0),"")
A10: STT/ No. | B10: Tên/ mã số Name/code | C10: Dày/ Thickness | D10: Rộng/ Width | E10: Dài/ Length | F10: Mác thép/ Steel mark | G10: ĐVT/ Unit | H10: SL / Qty | I10: Khối lượng/ Weight (kg) | J10: ĐV CẮT | K10: Đơn Vị Gia Công | L10: Đơn Vị Nhận | M10: LSX | N10: Lưu ý | O10: Có Lỗ | P10: Hạng Mục | Q10: Cánh Bụng bản mã | R10: Nguyên Khổ | S10: Lỡ Cỡ | T10: Tận Dụng | U10: Chấn Bend | V10: Vát Mép | W10: Lần Ban Hành | X10: Ngày B.hành | Y10: Note | Z10: REV01 | AA10: REV02 | AB10: Mã Dự Án | AC10: NESTING | AD10: Nguồn Gốc Vật Tư | AE10: =IF(LEN('List chi tiet'!$B$2)=0,"",'List chi tiet'!$B$2) -> 10626-051 DG SÂN VẬN ĐỘNG HÙNG VƯƠNG
C11: Thép tấm lỡ cỡ cường độ Cao | D11: 6 | E11: 14.54 | F11: KG | L11: VT-HV-TT-074 | M11: 10626-051 DG SÂN VẬN ĐỘNG HÙNG VƯƠNG | N11: 29/09/2026 | O11: NGUYEN SONG HUONG | P11: REV0 | R11: Q355B | S11: 0.06 | T11: 0.8 | U11: 5.2 | V11: 6x206x1500 | AB11: =IF('List chi tiet'!V6<>"",'List chi tiet'!V6,"") -> 10626-051 | AC11: =IF('List chi tiet'!L6<>"",'List chi tiet'!L6,"") -> VT-HV-TT-001-CHANPINX30/Y21-Y22-Q355-SP25-001 | AD11: =IF('List chi tiet'!K6<>"",'List chi tiet'!K6,"") -> PL25x2200x12000
C12: Thép tấm lỡ cỡ cường độ Cao | D12: 6 | E12: -5.2 | F12: KG | K12: 0.1 | L12: VT-HV-TT-074 | M12: 10626-051 DG SÂN VẬN ĐỘNG HÙNG VƯƠNG | N12: 29/09/2026 | O12: NGUYEN SONG HUONG | P12: REV0 | R12: Q355B | AB12: 10626-051 | AC12: VT-HV-TT-001-CHANPINX30/Y21-Y22-Q355-SP25-001 | AD12: NEWPLATE
C13: Thép tấm lỡ cỡ cường độ Cao | D13: 6 | E13: 18.62 | F13: KG | L13: VT-HV-TT-074 | M13: 10626-051 DG SÂN VẬN ĐỘNG HÙNG VƯƠNG | N13: 29/09/2026 | O13: NGUYEN SONG HUONG | P13: REV0 | R13: Q355B | S13: 0.09 | T13: 2.38 | U13: 3.43 | V13: 6x264x1500 | AB13: 10626-051 | AC13: VT-HV-TT-001-CHANPINX30/Y21-Y22-Q355-SP25-001 | AD13: NEWPLATE
C14: Thép tấm lỡ cỡ cường độ Cao | D14: 6 | E14: -3.43 | F14: KG | K14: 0.2 | L14: VT-HV-TT-074 | M14: 10626-051 DG SÂN VẬN ĐỘNG HÙNG VƯƠNG | N14: 29/09/2026 | O14: NGUYEN SONG HUONG | P14: REV0 | R14: Q355B | AB14: 10626-051 | AC14: VT-HV-TT-001-CHANPINX30/Y21-Y22-Q355-SP30-001 | AD14: NEWPLATE
C15: Thép tấm lỡ cỡ cường độ Cao | D15: 12 | E15: 102.68 | F15: KG | L15: VT-HV-TT-074 | M15: 10626-051 DG SÂN VẬN ĐỘNG HÙNG VƯƠNG | N15: 29/09/2026 | O15: NGUYEN SONG HUONG | P15: REV0 | R15: Q355B | S15: 0.13 | T15: 11.41 | U15: 72.3 | V15: 12x144x7571 | AB15: 10626-051 | AC15: VT-HV-TT-001-CHANPINX30/Y21-Y22-Q355-SP30-001 | AD15: NEWPLATE
C16: Thép tấm lỡ cỡ cường độ Cao | D16: 12 | E16: -72.3 | F16: KG | K16: 0.3 | L16: VT-HV-TT-074 | M16: 10626-051 DG SÂN VẬN ĐỘNG HÙNG VƯƠNG | N16: 29/09/2026 | O16: NGUYEN SONG HUONG | P16: REV0 | R16: Q355B | AB16: 10626-051 | AC16: VT-HV-TT-001-CHANPINX30/Y21-Y22-Q355-SP30-001 | AD16: NEWPLATE
C17: Thép tấm lỡ cỡ cường độ Cao | D17: 25 | E17: 2653.21 | F17: KG | L17: VT-HV-TT-074 | M17: 10626-051 DG SÂN VẬN ĐỘNG HÙNG VƯƠNG | N17: 29/09/2026 | O17: NGUYEN SONG HUONG | P17: REV0 | R17: Q355B | S17: 1.37 | T17: 17.56 | U17: 2438.03 | V17: 25x2000x6760 | AB17: 10626-051 | AC17: VT-HV-TT-001-CHANPINX30/Y21-Y22-Q355-SP30-001 | AD17: NEWPLATE
C18: Thép tấm lỡ cỡ cường độ Cao | D18: 25 | E18: -2438.03 | F18: KG | K18: 0.4 | L18: VT-HV-TT-074 | M18: 10626-051 DG SÂN VẬN ĐỘNG HÙNG VƯƠNG | N18: 29/09/2026 | O18: NGUYEN SONG HUONG | P18: REV0 | R18: Q355B | AB18: 10626-051 | AC18: VT-HV-TT-001-CHANPINX30/Y21-Y22-Q355-SP30-001 | AD18: NEWPLATE
C19: Thép tấm lỡ cỡ | D19: 20 | E19: 908.09 | F19: KG | K19: VT-10625-051-Z03-1030 | L19: VT-HV-TT-075 | M19: 10626-051 DG SÂN VẬN ĐỘNG HÙNG VƯƠNG | N19: 46032 | O19: PHAN THANH TRUNG | P19: REV0 | R19: Q355 | S19: 5.93 | T19: 54.36 | U19: 0 | V19: 20x482x12000 | AB19: 10626-051 | AC19: VT-HV-TT-001-CHANPINX30/Y21-Y22-Q355-SP30-001 | AD19: NEWPLATE
C20: Thép tấm lỡ cỡ | D20: 20 | E20: 908.09 | F20: KG | K20: VT-10625-051-Z03-1031 | L20: VT-HV-TT-075 | M20: 10626-051 DG SÂN VẬN ĐỘNG HÙNG VƯƠNG | N20: 46032 | O20: PHAN THANH TRUNG | P20: REV0 | R20: Q355 | S20: 5.93 | T20: 54.36 | U20: 0 | V20: 20x482x12000 | AB20: 10626-051 | AC20: VT-HV-TT-001-CHANPINX30/Y21-Y22-Q355-SP30-002 | AD20: NEWPLATE
C21: Thép tấm lỡ cỡ | D21: 20 | E21: 331.58 | F21: KG | K21: VT-10625-051-Z03-1032 | L21: VT-HV-TT-075 | M21: 10626-051 DG SÂN VẬN ĐỘNG HÙNG VƯƠNG | N21: 46032 | O21: PHAN THANH TRUNG | P21: REV0 | R21: Q355 | S21: 1.98 | T21: 47 | U21: 0 | V21: 20x176x12000 | AB21: 10626-051 | AC21: VT-HV-TT-001-CHANPINX30/Y21-Y22-Q355-SP30-002 | AD21: NEWPLATE
C22: Thép tấm lỡ cỡ | D22: 20 | E22: 331.58 | F22: KG | K22: VT-10625-051-Z03-1033 | L22: VT-HV-TT-075 | M22: 10626-051 DG SÂN VẬN ĐỘNG HÙNG VƯƠNG | N22: 46032 | O22: PHAN THANH TRUNG | P22: REV0 | R22: Q355 | S22: 1.98 | T22: 47 | U22: 0 | V22: 20x176x12000 | AB22: 10626-051 | AC22: VT-HV-TT-001-CHANPINX30/Y21-Y22-Q355-SP30-002 | AD22: NEWPLATE
C23: Thép tấm lỡ cỡ | D23: 20 | E23: 274.5 | F23: KG | K23: VT-10625-051-Z03-1034 | L23: VT-HV-TT-075 | M23: 10626-051 DG SÂN VẬN ĐỘNG HÙNG VƯƠNG | N23: 46032 | O23: PHAN THANH TRUNG | P23: REV0 | R23: Q355 | S23: 1.65 | T23: 37.35 | U23: 0 | V23: 20x146x12000 | AB23: 10626-051 | AC23: VT-HV-TT-001-CHANPINX30/Y21-Y22-Q355-SP30-002 | AD23: NEWPLATE
C24: Thép tấm lỡ cỡ | D24: 20 | E24: 331.58 | F24: KG | K24: VT-10625-051-Z03-1035 | L24: VT-HV-TT-075 | M24: 10626-051 DG SÂN VẬN ĐỘNG HÙNG VƯƠNG | N24: 46032 | O24: PHAN THANH TRUNG | P24: REV0 | R24: Q355 | S24: 1.98 | T24: 47 | U24: 0 | V24: 20x176x12000 | AB24: 10626-051 | AC24: VT-HV-TT-001-CHANPINX30/Y21-Y22-Q355-SP30-002 | AD24: NEWPLATE
C25: Thép tấm lỡ cỡ | D25: 20 | E25: 247.64 | F25: KG | K25: VT-10625-051-Z03-1036 | L25: VT-HV-TT-075 | M25: 10626-051 DG SÂN VẬN ĐỘNG HÙNG VƯƠNG | N25: 46032 | O25: PHAN THANH TRUNG | P25: REV0 | R25: Q355 | S25: 1.27 | T25: 64.28 | U25: 0 | V25: 20x136x11598 | AB25: 10626-051 | AC25: VT-HV-TT-001-CHANPINX30/Y21-Y22-Q355-SP30-002 | AD25: NEWPLATE
C26: Thép tấm lỡ cỡ | D26: 20 | E26: 109.12 | F26: KG | K26: VT-10625-051-Z03-1037 | L26: VT-HV-TT-075 | M26: 10626-051 DG SÂN VẬN ĐỘNG HÙNG VƯƠNG | N26: 46032 | O26: PHAN THANH TRUNG | P26: REV0 | R26: Q355 | S26: 0.61 | T26: 21.22 | U26: 0 | V26: 20x125x5560 | AB26: 10626-051 | AC26: VT-HV-TT-001-CHANPINX30/Y21-Y22-Q355-SP30-002 | AD26: NEWPLATE
C27: Thép tấm lỡ cỡ | D27: 20 | E27: 110.07 | F27: KG | K27: VT-10625-051-Z03-1038 | L27: VT-HV-TT-075 | M27: 10626-051 DG SÂN VẬN ĐỘNG HÙNG VƯƠNG | N27: 46032 | O27: PHAN THANH TRUNG | P27: REV0 | R27: Q355 | S27: 0.66 | T27: 15.6 | U27: 0 | V27: 20x176x3983 | AB27: 10626-051 | AC27: VT-HV-TT-001-CHANPINX30/Y21-Y22-Q355-SP30-002 | AD27: NEWPLATE
C28: Thép tấm 40MM Q355B | D28: 2x12 | E28: 1 | F28: TAM | K28: VT-10625-051-Z03-1039 | L28: VT-HV-TT-075 | M28: 10626-051 DG SÂN VẬN ĐỘNG HÙNG VƯƠNG | N28: 46032 | O28: PHAN THANH TRUNG | P28: REV0 | R28: Q355B | S28: 40.69 | T28: 1546.05 | U28: 135.85 | V28: 40x2000x12000 | AB28: 10626-051 | AC28: VT-HV-TT-001-CHANPINX30/Y21-Y22-Q355-SP30-003 | AD28: NEWPLATE
C29: Thép tấm lỡ cỡ cường độ Cao | D29: 40 | E29: -135.85 | F29: KG | K29: VT-10625-051-Z03-1039.1 | L29: VT-HV-TT-075 | M29: 10626-051 DG SÂN VẬN ĐỘNG HÙNG VƯƠNG | N29: 46032 | O29: PHAN THANH TRUNG | P29: REV0 | R29: Q355B | AB29: 10626-051 | AC29: VT-HV-TT-001-CHANPINX30/Y21-Y22-Q355-SP30-003 | AD29: NEWPLATE
C30: Thép tấm lỡ cỡ | D30: 40 | E30: 140.92 | F30: KG | K30: VT-10625-051-Z03-1040 | L30: VT-HV-TT-075 | M30: 10626-051 DG SÂN VẬN ĐỘNG HÙNG VƯƠNG | N30: 46032 | O30: PHAN THANH TRUNG | P30: REV0 | R30: Q355 | S30: 0.69 | T30: 41.7 | U30: 0 | V30: 40x388x1432 | AB30: 10626-051 | AC30: VT-HV-TT-001-CHANPINX30/Y21-Y22-Q355-SP40-001 | AD30: NEWPLATE
C31: Thép tấm lỡ cỡ | D31: 40 | E31: 154.21 | F31: KG | K31: VT-10625-051-Z03-1041 | L31: VT-HV-TT-075 | M31: 10626-051 DG SÂN VẬN ĐỘNG HÙNG VƯƠNG | N31: 46032 | O31: PHAN THANH TRUNG | P31: REV0 | R31: Q355 | S31: 0.69 | T31: 54.99 | U31: 0 | V31: 40x326x1506 | AB31: 10626-051 | AC31: VT-HV-TT-001-CHANPINX30/Y21-Y22-Q355-SP40-001 | AD31: NEWPLATE
C32: Thép tấm lỡ cỡ | D32: 40 | E32: 782.17 | F32: KG | K32: VT-10625-051-Z03-1042 | L32: VT-HV-TT-075 | M32: 10626-051 DG SÂN VẬN ĐỘNG HÙNG VƯƠNG | N32: 46032 | O32: PHAN THANH TRUNG | P32: REV0 | R32: Q355 | S32: 2.51 | T32: 69.95 | U32: 350.53 | V32: 40x500x4987 | AB32: 10626-051 | AC32: VT-HV-TT-001-CHANPINX30/Y21-Y22-Q355-SP40-001 | AD32: NEWPLATE
C33: Thép tấm lỡ cỡ | D33: 40 | E33: -350.53 | F33: KG | K33: VT-10625-051-Z03-1042.1 | L33: VT-HV-TT-075 | M33: 10626-051 DG SÂN VẬN ĐỘNG HÙNG VƯƠNG | N33: 46032 | O33: PHAN THANH TRUNG | P33: REV0 | R33: Q355 | AB33: 10626-051 | AC33: VT-HV-TT-001-CHANPINX30/Y21-Y22-Q355-SP40-001 | AD33: NEWPLATE
C34: Thép tấm lỡ cỡ | D34: 40 | E34: 1183.42 | F34: KG | K34: VT-10625-051-Z03-1043 | L34: VT-HV-TT-075 | M34: 10626-051 DG SÂN VẬN ĐỘNG HÙNG VƯƠNG | N34: 46032 | O34: PHAN THANH TRUNG | P34: REV0 | R34: Q355 | S34: 3.35 | T34: 88.33 | U34: 612.83 | V34: 40x488x8124 | AB34: 10626-051 | AC34: VT-HV-TT-001-CHANPINX30/Y21-Y22-Q355-SP40-001 | AD34: NEWPLATE
C35: Thép tấm lỡ cỡ | D35: 40 | E35: -612.83 | F35: KG | K35: VT-10625-051-Z03-1043.1 | L35: VT-HV-TT-075 | M35: 10626-051 DG SÂN VẬN ĐỘNG HÙNG VƯƠNG | N35: 46032 | O35: PHAN THANH TRUNG | P35: REV0 | R35: Q355 | AB35: 10626-051 | AC35: VT-HV-TT-001-CHANPINX30/Y21-Y22-Q355-SP80-001 | AD35: NEWPLATE
C36: Thép tấm lỡ cỡ | D36: 40 | E36: 1503.88 | F36: KG | K36: VT-10625-051-Z03-1044 | L36: VT-HV-TT-075 | M36: 10626-051 DG SÂN VẬN ĐỘNG HÙNG VƯƠNG | N36: 46032 | O36: PHAN THANH TRUNG | P36: REV0 | R36: Q355 | S36: 4.88 | T36: 148.82 | U36: 653.01 | V36: 40x488x9818 | AB36: 10626-051 | AC36: VT-HV-TT-001-CHANPINX30/Y21-Y22-Q355-SP80-001 | AD36: NEWPLATE
C37: Thép tấm lỡ cỡ | D37: 40 | E37: -653.01 | F37: KG | K37: VT-10625-051-Z03-1044.1 | L37: VT-HV-TT-075 | M37: 10626-051 DG SÂN VẬN ĐỘNG HÙNG VƯƠNG | N37: 46032 | O37: PHAN THANH TRUNG | P37: REV0 | R37: Q355 | AB37: 10626-051 | AC37: VT-HV-TT-001-CHANPINX30/Y21-Y22-Q355-SP80-001 | AD37: NEWPLATE
C38: Thép tấm lỡ cỡ cường độ Cao | D38: 40 | E38: 1670.23 | F38: KG | K38: VT-10625-051-Z03-1045 | L38: VT-HV-TT-075 | M38: 10626-051 DG SÂN VẬN ĐỘNG HÙNG VƯƠNG | N38: 46032 | O38: PHAN THANH TRUNG | P38: REV0 | R38: Q345B | S38: 5.42 | T38: 164.71 | U38: 725.59 | V38: 40x488x10900 | AB38: 10626-051 | AC38: VT-HV-TT-001-CHANPINX30/Y21-Y22-Q355-SP80-001 | AD38: NEWPLATE
C39: Thép tấm lỡ cỡ cường độ Cao | D39: 40 | E39: -725.59 | F39: KG | K39: VT-10625-051-Z03-1045.1 | L39: VT-HV-TT-075 | M39: 10626-051 DG SÂN VẬN ĐỘNG HÙNG VƯƠNG | N39: 46032 | O39: PHAN THANH TRUNG | P39: REV0 | R39: Q345B | AB39: 10626-051 | AC39: VT-HV-TT-001-CHANPINX30/Y21-Y22-Q355-SP80-001 | AD39: NEWPLATE
C40: Thép tấm lỡ cỡ | D40: 40 | E40: 1690.76 | F40: KG | K40: VT-10625-051-Z03-1046 | L40: VT-HV-TT-075 | M40: 10626-051 DG SÂN VẬN ĐỘNG HÙNG VƯƠNG | N40: 46032 | O40: PHAN THANH TRUNG | P40: REV0 | R40: Q355 | S40: 4.83 | T40: 250.07 | U40: 746.13 | V40: 40x494x10900 | AB40: 10626-051 | AC40: VT-HV-TT-001-CHANPINX30/Y21-Y22-Q355-SP80-001 | AD40: NEWPLATE
C41: Thép tấm lỡ cỡ | D41: 40 | E41: -746.13 | F41: KG | K41: VT-10625-051-Z03-1046.1 | L41: VT-HV-TT-075 | M41: 10626-051 DG SÂN VẬN ĐỘNG HÙNG VƯƠNG | N41: 46032 | O41: PHAN THANH TRUNG | P41: REV0 | R41: Q355 | AB41: 10626-051 | AC41: VT-HV-TT-001-CHANPINX30/Y21-Y22-Q355-SP80-001 | AD41: NEWPLATE
C42: Thép tấm lỡ cỡ | D42: 40 | E42: 1838.78 | F42: KG | K42: VT-10625-051-Z03-1047 | L42: VT-HV-TT-075 | M42: 10626-051 DG SÂN VẬN ĐỘNG HÙNG VƯƠNG | N42: 46032 | O42: PHAN THANH TRUNG | P42: REV0 | R42: Q355 | S42: 5.52 | T42: 246.18 | U42: 798.82 | V42: 40x488x12000 | AB42: 10626-051 | AC42: VT-HV-TT-001-CHANPINX30/Y21-Y22-Q355-SP80-001 | AD42: NEWPLATE
C43: Thép tấm lỡ cỡ | D43: 40 | E43: -798.82 | F43: KG | K43: VT-10625-051-Z03-1047.1 | L43: VT-HV-TT-075 | M43: 10626-051 DG SÂN VẬN ĐỘNG HÙNG VƯƠNG | N43: 46032 | O43: PHAN THANH TRUNG | P43: REV0 | R43: Q355 | AB43: 10626-051 | AC43: VT-HV-TT-001-CHANPINX30/Y21-Y22-Q355-SP80-001 | AD43: NEWPLATE
C44: Thép tấm 50MM Q355B | D44: 2.3x12 | E44: 1 | F44: TAM | K44: VT-10625-051-Z03-1048 | L44: VT-HV-TT-075 | M44: 10626-051 DG SÂN VẬN ĐỘNG HÙNG VƯƠNG | N44: 46032 | P44: REV0 | R44: Q355B | S44: 63.5 | T44: 1698.45 | U44: 0 | V44: 50x2300x12000 | AB44: 10626-051 | AC44: VT-HV-TT-001-CHANPINX30/Y21-Y22-Q355-SP80-001 | AD44: NEWPLATE
C45: Thép tấm 50MM Q355B | D45: 2.3x12 | E45: 1 | F45: TAM | K45: VT-10625-051-Z03-1049 | L45: VT-HV-TT-075 | M45: 10626-051 DG SÂN VẬN ĐỘNG HÙNG VƯƠNG | N45: 46032 | P45: REV0 | R45: Q355B | S45: 60.46 | T45: 2134.94 | U45: 0 | V45: 50x2300x12000 | AB45: 10626-051 | AC45: VT-HV-TT-001-CHANPINX30/Y21-Y22-Q355-SP80-001 | AD45: NEWPLATE
C46: Thép tấm lỡ cỡ | D46: 50 | E46: 1384.74 | F46: KG | K46: VT-10625-051-Z03-1050 | L46: VT-HV-TT-075 | M46: 10626-051 DG SÂN VẬN ĐỘNG HÙNG VƯƠNG | N46: 46032 | P46: REV0 | R46: Q355 | S46: 7.19 | T46: 349.84 | U46: 0 | V46: 50x294x12000 | AB46: 10626-051 | AC46: VT-HV-TT-001-CHANPINX30/Y21-Y22-Q355-SP80-001 | AD46: NEWPLATE
C47: Thép tấm lỡ cỡ cường độ Cao | D47: 50 | E47: 2298.48 | F47: KG | K47: VT-10625-051-Z03-1051 | L47: VT-HV-TT-075 | M47: 10626-051 DG SÂN VẬN ĐỘNG HÙNG VƯƠNG | N47: 46032 | P47: REV0 | R47: Q355B | S47: 6.29 | T47: 166.5 | U47: 1226.44 | V47: 50x488x12000 | AB47: 10626-051 | AC47: VT-HV-TT-001-CHANPINX30/Y21-Y22-Q355-SP80-001 | AD47: NEWPLATE
C48: Thép tấm lỡ cỡ cường độ Cao | D48: 50 | E48: -1226.44 | F48: KG | K48: VT-10625-051-Z03-1051.1 | L48: VT-HV-TT-075 | M48: 10626-051 DG SÂN VẬN ĐỘNG HÙNG VƯƠNG | N48: 46032 | P48: REV0 | R48: Q355B | AB48: 10626-051 | AC48: VT-HV-TT-001-CHANPINX30/Y21-Y22-Q355-SP80-001 | AD48: NEWPLATE
C49: Thép tấm lỡ cỡ cường độ Cao | D49: 50 | E49: 197.73 | F49: KG | K49: VT-10625-051-Z03-1052 | L49: VT-HV-TT-075 | M49: 10626-051 DG SÂN VẬN ĐỘNG HÙNG VƯƠNG | N49: 46032 | P49: REV0 | R49: Q355B | S49: 0.9 | T49: 68.37 | U49: 0 | V49: 50x499x1518 | AB49: 10626-051 | AC49: VT-HV-TT-001-CHANPINX30/Y21-Y22-Q355-SP80-001 | AD49: NEWPLATE
C50: Thép tấm lỡ cỡ cường độ Cao | D50: 50 | E50: 332.15 | F50: KG | K50: VT-10625-051-Z03-1053 | L50: VT-HV-TT-075 | M50: 10626-051 DG SÂN VẬN ĐỘNG HÙNG VƯƠNG | N50: 46032 | P50: REV0 | R50: Q355B | S50: 0.9 | T50: 84.04 | U50: 118.75 | V50: 50x812x1756 | AB50: 10626-051 | AC50: VT-HV-TT-001-CHANPINX30/Y21-Y22-Q355-SP80-001 | AD50: NEWPLATE
C51: Thép tấm lỡ cỡ cường độ Cao | D51: 50 | E51: -118.75 | F51: KG | K51: VT-10625-051-Z03-1053.1 | L51: VT-HV-TT-075 | M51: 10626-051 DG SÂN VẬN ĐỘNG HÙNG VƯƠNG | N51: 46032 | P51: REV0 | R51: Q355B | AB51: 10626-051 | AC51: VT-HV-TT-001-CHANPINX30/Y21-Y22-Q355-SP80-001 | AD51: NEWPLATE
C52: Thép tấm lỡ cỡ | D52: 10 | E52: 206.43 | F52: KG | K52: VT-10626-051-Z00-1054 | L52: VT-HV-TT-076 | M52: 10626-051 DG SÂN VẬN ĐỘNG HÙNG VƯƠNG | N52: 46063 | O52: NGUYEN SONG HUONG | P52: REV0 | R52: Q355 | S52: 0.73 | T52: 6.67 | U52: 94.78 | V52: 10x689x4742 | AB52: 10626-051 | AC52: VT-HV-TT-001-CHANPINX30/Y21-Y22-Q355-SP80-001 | AD52: NEWPLATE
C53: Thép tấm lỡ cỡ | D53: 10 | E53: -94.78 | F53: KG | K53: VT-10626-051-Z00-1054.1 | L53: VT-HV-TT-076 | M53: 10626-051 DG SÂN VẬN ĐỘNG HÙNG VƯƠNG | N53: 46063 | O53: NGUYEN SONG HUONG | P53: REV0 | R53: Q355 | AB53: 10626-051 | AC53: VT-HV-TT-001-CHANPINX30/Y21-Y22-Q355-SP80-001 | AD53: NEWPLATE
C54: Thép tấm 80MM Q355B | D54: 2.3x12 | E54: 1 | F54: TAM | K54: VT-10626-051-Z01-1055 | L54: VT-HV-TT-077 | M54: 10626-051 DG SÂN VẬN ĐỘNG HÙNG VƯƠNG | N54: 46152 | O54: PHAN THANH TRUNG | P54: REV0 | R54: Q355B | S54: 79.19 | T54: 138.01 | U54: 5802.72 | V54: 80x2300x12000 | AB54: 10626-051 | AC54: VT-HV-TT-001-CHANPINX30/Y21-Y22-Q355-SP80-001 | AD54: NEWPLATE
C55: Thép tấm lỡ cỡ cường độ Cao | D55: 80 | E55: -5802.72 | F55: KG | K55: VT-10626-051-Z01-1055.1 | L55: VT-HV-TT-077 | M55: 10626-051 DG SÂN VẬN ĐỘNG HÙNG VƯƠNG | N55: 46152 | O55: PHAN THANH TRUNG | P55: REV0 | R55: Q355B | AB55: 10626-051 | AC55: VT-HV-TT-001-CHANPINX30/Y21-Y22-Q355-SP80-001 | AD55: NEWPLATE
C56: Thép tấm 80MM Q355B | D56: 2.3x12 | E56: 1 | F56: TAM | K56: VT-10626-051-Z01-1056 | L56: VT-HV-TT-077 | M56: 10626-051 DG SÂN VẬN ĐỘNG HÙNG VƯƠNG | N56: 46152 | O56: PHAN THANH TRUNG | P56: REV0 | R56: Q355B | S56: 79.76 | T56: 56.71 | U56: 5802.72 | V56: 80x2300x12000 | AB56: 10626-051 | AC56: VT-HV-TT-001-CHANPINX30/Y21-Y22-Q355-SP80-002 | AD56: NEWPLATE
C57: Thép tấm lỡ cỡ cường độ Cao | D57: 80 | E57: -5802.72 | F57: KG | K57: VT-10626-051-Z01-1056.1 | L57: VT-HV-TT-077 | M57: 10626-051 DG SÂN VẬN ĐỘNG HÙNG VƯƠNG | N57: 46152 | O57: PHAN THANH TRUNG | P57: REV0 | R57: Q355B | AB57: 10626-051 | AC57: VT-HV-TT-001-CHANPINX30/Y21-Y22-Q355-SP80-002 | AD57: NEWPLATE
C58: Thép tấm 80MM Q355B | D58: 2.3x12 | E58: 1 | F58: TAM | K58: VT-10626-051-Z01-1057 | L58: VT-HV-TT-077 | M58: 10626-051 DG SÂN VẬN ĐỘNG HÙNG VƯƠNG | N58: 46152 | O58: PHAN THANH TRUNG | P58: REV0 | R58: Q355B | S58: 79.32 | T58: 118.79 | U58: 5802.72 | V58: 80x2300x12000 | AB58: 10626-051 | AC58: VT-HV-TT-001-CHANPINX30/Y21-Y22-Q355-SP80-002 | AD58: NEWPLATE
C59: Thép tấm lỡ cỡ cường độ Cao | D59: 80 | E59: -5802.72 | F59: KG | K59: VT-10626-051-Z01-1057.1 | L59: VT-HV-TT-077 | M59: 10626-051 DG SÂN VẬN ĐỘNG HÙNG VƯƠNG | N59: 46152 | O59: PHAN THANH TRUNG | P59: REV0 | R59: Q355B | AB59: 10626-051 | AC59: VT-HV-TT-001-CHANPINX30/Y21-Y22-Q355-SP80-002 | AD59: NEWPLATE
C60: Thép tấm 80MM Q355B | D60: 2.3x12 | E60: 1 | F60: TAM | K60: VT-10626-051-Z01-1058 | L60: VT-HV-TT-077 | M60: 10626-051 DG SÂN VẬN ĐỘNG HÙNG VƯƠNG | N60: 46152 | O60: PHAN THANH TRUNG | P60: REV0 | R60: Q355B | S60: 83.26 | T60: 0 | U60: 5438.64 | V60: 80x2300x12000 | AB60: 10626-051 | AC60: VT-HV-TT-001-CHANPINX30/Y21-Y22-Q355-SP80-002 | AD60: NEWPLATE
C61: Thép tấm lỡ cỡ cường độ Cao | D61: 80 | E61: -5438.64 | F61: KG | K61: VT-10626-051-Z01-1058.1 | L61: VT-HV-TT-077 | M61: 10626-051 DG SÂN VẬN ĐỘNG HÙNG VƯƠNG | N61: 46152 | O61: PHAN THANH TRUNG | P61: REV0 | R61: Q355B | AB61: 10626-051 | AC61: VT-HV-TT-001-CHANPINX30/Y21-Y22-Q355-SP80-002 | AD61: NEWPLATE
C62: Thép tấm 80MM Q355B | D62: 2.3x12 | E62: 1 | F62: TAM | K62: VT-10626-051-Z01-1059 | L62: VT-HV-TT-077 | M62: 10626-051 DG SÂN VẬN ĐỘNG HÙNG VƯƠNG | N62: 46152 | O62: PHAN THANH TRUNG | P62: REV0 | R62: Q355B | S62: 83.26 | T62: 0 | U62: 5438.64 | V62: 80x2300x12000 | AB62: 10626-051 | AC62: VT-HV-TT-001-CHANPINX30/Y21-Y22-Q355-SP80-002 | AD62: NEWPLATE
C63: Thép tấm lỡ cỡ cường độ Cao | D63: 80 | E63: -5438.64 | F63: KG | K63: VT-10626-051-Z01-1059.1 | L63: VT-HV-TT-077 | M63: 10626-051 DG SÂN VẬN ĐỘNG HÙNG VƯƠNG | N63: 46152 | O63: PHAN THANH TRUNG | P63: REV0 | R63: Q355B | AB63: 10626-051 | AC63: VT-HV-TT-001-CHANPINX30/Y21-Y22-Q355-SP80-002 | AD63: NEWPLATE
C64: Thép tấm 80MM Q355B | D64: 2.75x12 | E64: 1 | F64: TAM | K64: VT-10626-051-Z01-1060 | L64: VT-HV-TT-077 | M64: 10626-051 DG SÂN VẬN ĐỘNG HÙNG VƯƠNG | N64: 46152 | O64: PHAN THANH TRUNG | P64: REV0 | R64: Q355B | S64: 79.13 | T64: 146.95 | U64: 9193.92 | V64: 80x2750x12000 | AB64: 10626-051 | AC64: VT-HV-TT-001-CHANPINX30/Y21-Y22-Q355-SP80-002 | AD64: NEWPLATE
C65: Thép tấm lỡ cỡ cường độ Cao | D65: 80 | E65: -9193.92 | F65: KG | K65: VT-10626-051-Z01-1060.1 | L65: VT-HV-TT-077 | M65: 10626-051 DG SÂN VẬN ĐỘNG HÙNG VƯƠNG | N65: 46152 | O65: PHAN THANH TRUNG | P65: REV0 | R65: Q355B | AB65: 10626-051 | AC65: VT-HV-TT-001-CHANPINX30/Y21-Y22-Q355-SP80-002 | AD65: NEWPLATE
C66: Thép tấm 80MM Q355B | D66: 2.75x12 | E66: 1 | F66: TAM | K66: VT-10626-051-Z01-1061 | L66: VT-HV-TT-077 | M66: 10626-051 DG SÂN VẬN ĐỘNG HÙNG VƯƠNG | N66: 46152 | O66: PHAN THANH TRUNG | P66: REV0 | R66: Q355B | S66: 79.13 | T66: 146.95 | U66: 9193.92 | V66: 80x2750x12000 | AB66: 10626-051 | AC66: VT-HV-TT-001-CHANPINX30/Y21-Y22-Q355-SP80-002 | AD66: NEWPLATE
C67: Thép tấm lỡ cỡ cường độ Cao | D67: 80 | E67: -9193.92 | F67: KG | K67: VT-10626-051-Z01-1061.1 | L67: VT-HV-TT-077 | M67: 10626-051 DG SÂN VẬN ĐỘNG HÙNG VƯƠNG | N67: 46152 | O67: PHAN THANH TRUNG | P67: REV0 | R67: Q355B | AB67: 10626-051 | AC67: VT-HV-TT-001-CHANPINX30/Y21-Y22-Q355-SP80-002 | AD67: NEWPLATE
C68: Thép tấm 80MM Q355B | D68: 2.75x12 | E68: 1 | F68: TAM | K68: VT-10626-051-Z01-1062 | L68: VT-HV-TT-077 | M68: 10626-051 DG SÂN VẬN ĐỘNG HÙNG VƯƠNG | N68: 46152 | O68: PHAN THANH TRUNG | P68: REV0 | R68: Q355B | S68: 79.06 | T68: 156.44 | U68: 9193.92 | V68: 80x2750x12000 | AB68: 10626-051 | AC68: VT-HV-TT-001-CHANPINX30/Y21-Y22-Q355-SP80-002 | AD68: NEWPLATE
C69: Thép tấm lỡ cỡ cường độ Cao | D69: 80 | E69: -9193.92 | F69: KG | K69: VT-10626-051-Z01-1062.1 | L69: VT-HV-TT-077 | M69: 10626-051 DG SÂN VẬN ĐỘNG HÙNG VƯƠNG | N69: 46152 | O69: PHAN THANH TRUNG | P69: REV0 | R69: Q355B | AB69: 10626-051 | AC69: VT-HV-TT-001-CHANPINX30/Y21-Y22-Q355-SP80-002 | AD69: NEWPLATE
C70: Thép tấm 80MM Q355B | D70: 2.75x12 | E70: 1 | F70: TAM | K70: VT-10626-051-Z01-1063 | L70: VT-HV-TT-077 | M70: 10626-051 DG SÂN VẬN ĐỘNG HÙNG VƯƠNG | N70: 46152 | O70: PHAN THANH TRUNG | P70: REV0 | R70: Q355B | S70: 82.2 | T70: 50.26 | U70: 8849.05 | V70: 80x2750x12000 | AB70: 10626-051 | AC70: VT-HV-TT-001-CHANPINX30/Y21-Y22-Q355-SP80-002 | AD70: NEWPLATE
C71: Thép tấm lỡ cỡ cường độ Cao | D71: 80 | E71: -8849.05 | F71: KG | K71: VT-10626-051-Z01-1063.1 | L71: VT-HV-TT-077 | M71: 10626-051 DG SÂN VẬN ĐỘNG HÙNG VƯƠNG | N71: 46152 | O71: PHAN THANH TRUNG | P71: REV0 | R71: Q355B | AB71: 10626-051 | AC71: VT-HV-TT-001-CHANPINX30/Y21-Y22-Q355-SP80-002 | AD71: NEWPLATE
C72: Thép tấm 80MM Q355B | D72: 2.75x12 | E72: 1 | F72: TAM | K72: VT-10626-051-Z01-1064 | L72: VT-HV-TT-077 | M72: 10626-051 DG SÂN VẬN ĐỘNG HÙNG VƯƠNG | N72: 46152 | O72: PHAN THANH TRUNG | P72: REV0 | R72: Q355B | S72: 56.51 | T72: 0 | U72: 12652.74 | V72: 80x2750x12000 | AB72: 10626-051 | AC72: VT-HV-TT-001-CHANPINX30/Y21-Y22-Q355-SP80-002 | AD72: NEWPLATE
C73: Thép tấm lỡ cỡ cường độ Cao | D73: 80 | E73: -12652.74 | F73: KG | K73: VT-10626-051-Z01-1064.1 | L73: VT-HV-TT-077 | M73: 10626-051 DG SÂN VẬN ĐỘNG HÙNG VƯƠNG | N73: 46152 | O73: PHAN THANH TRUNG | P73: REV0 | R73: Q355B | AB73: 10626-051 | AC73: VT-HV-TT-001-CHANPINX30/Y21-Y22-Q355-SP80-002 | AD73: NEWPLATE
C74: Thép tấm 12MM Q355B | D74: 1.5x12 | E74: 1 | F74: TAM | K74: VT-10626-051-Z01-1065 | L74: VT-HV-TT-078 | M74: 10626-051 DG SÂN VẬN ĐỘNG HÙNG VƯƠNG | N74: 07/10/2026 | O74: PHAN THANH TRUNG | P74: REV0 | R74: Q355B | S74: 3.11 | T74: 70.86 | U74: 1177.03 | V74: 12x1500x12000
C75: Thép tấm lỡ cỡ cường độ Cao | D75: 12 | E75: -1177.03 | F75: KG | K75: VT-10626-051-Z01-1065.1 | L75: VT-HV-TT-078 | M75: 10626-051 DG SÂN VẬN ĐỘNG HÙNG VƯƠNG | N75: 07/10/2026 | O75: PHAN THANH TRUNG | P75: REV0 | R75: Q355B
C76: Thép tấm 16MM Q355B | D76: 2x12 | E76: 1 | F76: TAM | K76: VT-10626-051-Z01-1066 | L76: VT-HV-TT-078 | M76: 10626-051 DG SÂN VẬN ĐỘNG HÙNG VƯƠNG | N76: 07/10/2026 | O76: PHAN THANH TRUNG | P76: REV0 | R76: Q355B | S76: 1.45 | T76: 3.32 | U76: 2802.39 | V76: 16x2000x12000
C77: Thép tấm lỡ cỡ cường độ Cao | D77: 16 | E77: -2802.39 | F77: KG | K77: VT-10626-051-Z01-1066.1 | L77: VT-HV-TT-078 | M77: 10626-051 DG SÂN VẬN ĐỘNG HÙNG VƯƠNG | N77: 07/10/2026 | O77: PHAN THANH TRUNG | P77: REV0 | R77: Q355B
C78: Thép tấm lỡ cỡ cường độ Cao | D78: 20 | E78: 36.24 | F78: KG | K78: VT-10626-051-Z01-1067 | L78: VT-HV-TT-078 | M78: 10626-051 DG SÂN VẬN ĐỘNG HÙNG VƯƠNG | N78: 07/10/2026 | O78: PHAN THANH TRUNG | P78: REV0 | R78: Q355B | S78: 0.19 | T78: 4.92 | U78: 3.52 | V78: 20x491x664
C79: Thép tấm lỡ cỡ cường độ Cao | D79: 20 | E79: -3.52 | F79: KG | K79: VT-10626-051-Z01-1067.1 | L79: VT-HV-TT-078 | M79: 10626-051 DG SÂN VẬN ĐỘNG HÙNG VƯƠNG | N79: 07/10/2026 | O79: PHAN THANH TRUNG | P79: REV0 | R79: Q355B
C80: Thép tấm lỡ cỡ cường độ Cao | D80: 20 | E80: 115.96 | F80: KG | K80: VT-10626-051-Z01-1068 | L80: VT-HV-TT-078 | M80: 10626-051 DG SÂN VẬN ĐỘNG HÙNG VƯƠNG | N80: 07/10/2026 | O80: PHAN THANH TRUNG | P80: REV0 | R80: Q355B | S80: 0.27 | T80: 6.02 | U80: 70.5 | V80: 20x173x4270
C81: Thép tấm lỡ cỡ cường độ Cao | D81: 20 | E81: -70.5 | F81: KG | K81: VT-10626-051-Z01-1068.1 | L81: VT-HV-TT-078 | M81: 10626-051 DG SÂN VẬN ĐỘNG HÙNG VƯƠNG | N81: 07/10/2026 | O81: PHAN THANH TRUNG | P81: REV0 | R81: Q355B
C82: Thép tấm lỡ cỡ cường độ Cao | D82: 20 | E82: 808.87 | F82: KG | K82: VT-10626-051-Z01-1069 | L82: VT-HV-TT-078 | M82: 10626-051 DG SÂN VẬN ĐỘNG HÙNG VƯƠNG | N82: 07/10/2026 | O82: PHAN THANH TRUNG | P82: REV0 | R82: Q355B | S82: 3.24 | T82: 7.61 | U82: 335.36 | V82: 20x491x10493
C83: Thép tấm lỡ cỡ cường độ Cao | D83: 20 | E83: -335.36 | F83: KG | K83: VT-10626-051-Z01-1069.1 | L83: VT-HV-TT-078 | M83: 10626-051 DG SÂN VẬN ĐỘNG HÙNG VƯƠNG | N83: 07/10/2026 | O83: PHAN THANH TRUNG | P83: REV0 | R83: Q355B
C84: Thép tấm lỡ cỡ cường độ Cao | D84: 20 | E84: 824.15 | F84: KG | K84: VT-10626-051-Z01-1070 | L84: VT-HV-TT-078 | M84: 10626-051 DG SÂN VẬN ĐỘNG HÙNG VƯƠNG | N84: 07/10/2026 | O84: PHAN THANH TRUNG | P84: REV0 | R84: Q355B | S84: 3.44 | T84: 18.37 | U84: 311.08 | V84: 20x491x10692
C85: Thép tấm lỡ cỡ cường độ Cao | D85: 20 | E85: -311.08 | F85: KG | K85: VT-10626-051-Z01-1070.1 | L85: VT-HV-TT-078 | M85: 10626-051 DG SÂN VẬN ĐỘNG HÙNG VƯƠNG | N85: 07/10/2026 | O85: PHAN THANH TRUNG | P85: REV0 | R85: Q355B
C86: Thép tấm lỡ cỡ cường độ Cao | D86: 20 | E86: 861.62 | F86: KG | K86: VT-10626-051-Z01-1071 | L86: VT-HV-TT-078 | M86: 10626-051 DG SÂN VẬN ĐỘNG HÙNG VƯƠNG | N86: 07/10/2026 | O86: PHAN THANH TRUNG | P86: REV0 | R86: Q355B | S86: 3.44 | T86: 10.99 | U86: 355.93 | V86: 20x488x11246
C87: Thép tấm lỡ cỡ cường độ Cao | D87: 20 | E87: -355.93 | F87: KG | K87: VT-10626-051-Z01-1071.1 | L87: VT-HV-TT-078 | M87: 10626-051 DG SÂN VẬN ĐỘNG HÙNG VƯƠNG | N87: 07/10/2026 | O87: PHAN THANH TRUNG | P87: REV0 | R87: Q355B
C88: Thép tấm lỡ cỡ cường độ Cao | D88: 20 | E88: 908.09 | F88: KG | K88: VT-10626-051-Z01-1072 | L88: VT-HV-TT-078 | M88: 10626-051 DG SÂN VẬN ĐỘNG HÙNG VƯƠNG | N88: 07/10/2026 | O88: PHAN THANH TRUNG | P88: REV0 | R88: Q355B | S88: 3.24 | T88: 7.62 | U88: 434.57 | V88: 20x482x12000
C89: Thép tấm lỡ cỡ cường độ Cao | D89: 20 | E89: -434.57 | F89: KG | K89: VT-10626-051-Z01-1072.1 | L89: VT-HV-TT-078 | M89: 10626-051 DG SÂN VẬN ĐỘNG HÙNG VƯƠNG | N89: 07/10/2026 | O89: PHAN THANH TRUNG | P89: REV0 | R89: Q355B
C90: Thép tấm lỡ cỡ cường độ Cao | D90: 20 | E90: 1080.64 | F90: KG | K90: VT-10626-051-Z01-1073 | L90: VT-HV-TT-078 | M90: 10626-051 DG SÂN VẬN ĐỘNG HÙNG VƯƠNG | N90: 07/10/2026 | O90: PHAN THANH TRUNG | P90: REV0 | R90: Q355B | S90: 4.36 | T90: 25.02 | U90: 428.46 | V90: 20x988x12000
C91: Thép tấm lỡ cỡ cường độ Cao | D91: 20 | E91: -428.46 | F91: KG | K91: VT-10626-051-Z01-1073.1 | L91: VT-HV-TT-078 | M91: 10626-051 DG SÂN VẬN ĐỘNG HÙNG VƯƠNG | N91: 07/10/2026 | O91: PHAN THANH TRUNG | P91: REV0 | R91: Q355B
C92: Thép tấm 20MM Q355B | D92: 2x12 | E92: 1 | F92: TAM | K92: VT-10626-051-Z01-1074 | L92: VT-HV-TT-078 | M92: 10626-051 DG SÂN VẬN ĐỘNG HÙNG VƯƠNG | N92: 07/10/2026 | O92: PHAN THANH TRUNG | P92: REV01 | R92: Q355B | S92: 18.88 | T92: 126.84 | U92: 925.52 | V92: 20x2000x12000
C93: Thép tấm lỡ cỡ cường độ Cao | D93: 20 | E93: -925.52 | F93: KG | K93: VT-10626-051-Z01-1074.1 | L93: VT-HV-TT-078 | M93: 10626-051 DG SÂN VẬN ĐỘNG HÙNG VƯƠNG | N93: 07/10/2026 | O93: PHAN THANH TRUNG | P93: REV01 | R93: Q355B
C94: Thép tấm 20MM Q355B | D94: 2x12 | E94: 1 | F94: TAM | K94: VT-10626-051-Z01-1075 | L94: VT-HV-TT-078 | M94: 10626-051 DG SÂN VẬN ĐỘNG HÙNG VƯƠNG | N94: 07/10/2026 | O94: PHAN THANH TRUNG | P94: REV0 | R94: Q355B | S94: 20.31 | T94: 223.84 | U94: 621.72 | V94: 20x2000x12000
C95: Thép tấm lỡ cỡ cường độ Cao | D95: 20 | E95: -621.72 | F95: KG | K95: VT-10626-051-Z01-1075.1 | L95: VT-HV-TT-078 | M95: 10626-051 DG SÂN VẬN ĐỘNG HÙNG VƯƠNG | N95: 07/10/2026 | O95: PHAN THANH TRUNG | P95: REV0 | R95: Q355B
C96: Thép tấm 20MM Q355B | D96: 2x12 | E96: 1 | F96: TAM | K96: VT-10626-051-Z01-1076 | L96: VT-HV-TT-078 | M96: 10626-051 DG SÂN VẬN ĐỘNG HÙNG VƯƠNG | N96: 07/10/2026 | O96: PHAN THANH TRUNG | P96: REV0 | R96: Q355B | S96: 16.05 | T96: 169.77 | U96: 1289.91 | V96: 20x2000x12000
C97: Thép tấm lỡ cỡ cường độ Cao | D97: 20 | E97: -1289.91 | F97: KG | K97: VT-10626-051-Z01-1076.1 | L97: VT-HV-TT-078 | M97: 10626-051 DG SÂN VẬN ĐỘNG HÙNG VƯƠNG | N97: 07/10/2026 | O97: PHAN THANH TRUNG | P97: REV0 | R97: Q355B
C98: Thép tấm lỡ cỡ cường độ Cao | D98: 25 | E98: 2438.03 | F98: KG | K98: VT-10626-051-Z01-1077 | L98: VT-HV-TT-078 | M98: 10626-051 DG SÂN VẬN ĐỘNG HÙNG VƯƠNG | N98: 07/10/2026 | O98: PHAN THANH TRUNG | P98: REV0 | R98: Q355B | S98: 4.9 | T98: 87.96 | U98: 1644.79 | V98: 25x1894x6760
C99: Thép tấm lỡ cỡ cường độ Cao | D99: 25 | E99: -1644.79 | F99: KG | K99: VT-10626-051-Z01-1077.1 | L99: VT-HV-TT-078 | M99: 10626-051 DG SÂN VẬN ĐỘNG HÙNG VƯƠNG | N99: 07/10/2026 | O99: PHAN THANH TRUNG | P99: REV0 | R99: Q355B
C100: Thép tấm lỡ cỡ cường độ Cao | D100: 30 | E100: 81.47 | F100: KG | K100: VT-10626-051-Z01-1078 | L100: VT-HV-TT-078 | M100: 10626-051 DG SÂN VẬN ĐỘNG HÙNG VƯƠNG | N100: 07/10/2026 | O100: PHAN THANH TRUNG | P100: REV0 | R100: Q355B | S100: 0.4 | T100: 9.57 | U100: 14.57 | V100: 30x336x1030
C101: Thép tấm lỡ cỡ cường độ Cao | D101: 30 | E101: -14.57 | F101: KG | K101: VT-10626-051-Z01-1078.1 | L101: VT-HV-TT-078 | M101: 10626-051 DG SÂN VẬN ĐỘNG HÙNG VƯƠNG | N101: 07/10/2026 | O101: PHAN THANH TRUNG | P101: REV0 | R101: Q355B
...

Sheet  
M2: LỆNH SẢN XUẤT/ PRODUCTION ORDER
A3: CÔNG TRÌNH/ CONSTRUCTION: | C3: ='List chi tiet'!B3&"-"&'List chi tiet'!B2 -> 10626-051-10626-051 DG SÂN VẬN ĐỘNG HÙNG VƯƠNG
A4: LSX/ PRODUCTION ORDER : | C4: =INDEX(M11:M99999, MATCH(1, INDEX(SUBTOTAL(3, OFFSET(M11, ROW(M11:M99999)-ROW(M11), 0)), 0), 0)) -> VT-HV-TT-001
A5: Hạng mục/ Items: | C5: =INDEX(P11:P99999, MATCH(1, INDEX(SUBTOTAL(3, OFFSET(P11, ROW(P11:P99999)-ROW(P11), 0)), 0), 0)) -> PIN MB1 PIN2 (X30/Y21-Y22)
A6: Đơn vị gia công/ Processing unit: | C6: SC-VT1
A7: Lệnh xuất:
A8: Lệnh thu lỡ cỡ: | H8: =SUBTOTAL(9, H11:H99999) -> 12 | I8: =SUBTOTAL(9, I11:I99999) -> 2260.8 | P8: =SUMPRODUCT(SUBTOTAL(103,OFFSET(B11,ROW(B11:B99692)-MIN(ROW(B11:B99692)),,1)),--(B11:B99692<>"")) -> 1
A9: Lệnh Thu phế liệu: | AC9: =IFERROR(VLOOKUP(A9,'List chi tiet'!$A:$L,12,0),"")
A10: STT/ No. | B10: Tên/ mã số Name/code | C10: Dày/ Thickness | D10: Rộng/ Width | E10: Dài/ Length | F10: Mác thép/ Steel mark | G10: ĐVT/ Unit | H10: SL / Qty | I10: Khối lượng/ Weight (kg) | J10: ĐV CẮT | K10: Đơn Vị Gia Công | L10: Đơn Vị Nhận | M10: LSX | N10: Lưu ý | O10: Có Lỗ | P10: Hạng Mục | Q10: Cánh Bụng bản mã | R10: Nguyên Khổ | S10: Lỡ Cỡ | T10: Tận Dụng | U10: Chấn Bend | V10: Vát Mép | W10: Lần Ban Hành | X10: Ngày B.hành | Y10: Note | Z10: REV01 | AA10: REV02 | AB10: Mã Dự Án | AC10: NESTING | AD10: Nguồn Gốc Vật Tư
A11: =IF('List chi tiet'!A6<>"",'List chi tiet'!A6,"") -> 1 | B11: =IF('List chi tiet'!B6<>"",'List chi tiet'!B6,"") -> BA1 | C11: =IF('List chi tiet'!E6<>"",'List chi tiet'!E6,"") -> 25 | D11: =IF('List chi tiet'!F6<>"",'List chi tiet'!F6,"") -> 80 | E11: =IF('List chi tiet'!G6<>"",'List chi tiet'!G6,"") -> 12000 | F11: =IF('List chi tiet'!C6<>"",'List chi tiet'!C6,"") -> Q355 | G11: =IF(A11<>"","Pcs","") -> Pcs | H11: =IF('List chi tiet'!H6<>"",'List chi tiet'!H6,"") -> 12 | I11: =IF('List chi tiet'!J6<>"",'List chi tiet'!J6,"") -> 2260.8 | J11: =IF(A11<>"","SC-VT1","") -> SC-VT1 | M11: =IF('List chi tiet'!A6<>"",LEFT('List chi tiet'!L6,FIND("-",'List chi tiet'!L6,FIND("-",'List chi tiet'!L6,FIND("-",'List chi tiet'!L6,FIND("-",'List chi tiet'!L6)+1)+1)+1)-1),"") -> VT-HV-TT-001 | N11: =IF('List chi tiet'!D6<>"",'List chi tiet'!D6,"") -> PL25x80x12000 | P11: =IF('List chi tiet'!Z6<>"",'List chi tiet'!Z6,"") -> PIN MB1 PIN2 (X30/Y21-Y22) | W11: =IF('List chi tiet'!Q6<>"",'List chi tiet'!Q6,"") -> 1 | X11: =IF('List chi tiet'!R6<>"",'List chi tiet'!R6,"") -> 06/07/2026 | AB11: =IF('List chi tiet'!V6<>"",'List chi tiet'!V6,"") -> 10626-051 | AC11: =IF('List chi tiet'!L6<>"",'List chi tiet'!L6,"") -> VT-HV-TT-001-CHANPINX30/Y21-Y22-Q355-SP25-001 | AD11: =IF('List chi tiet'!K6<>"",'List chi tiet'!K6,"") -> PL25x2200x12000
